detected_ent,no_detections,no_db_keywords,number_of_missed_detections,alias1,alias2,alias3,alias4,alias5,alias6,címkézési szabály
Rendőrség,13,861,848,Budapesti Rendőr-főkapitányság (BRFK),Nemzeti Nyomozó Iroda,Készenléti Rendőrség,Országos Rendőr-főkapitányság (ORFK),Baranya Megyei Rendőr-főkapitányság,Győr-Moson-Sopron Megyei Rendőr-főkapitányság,... Megyei Rendőr-főkapitányság
Magyar Villamos Művek (MVM) Zrt.,27,552,525,Magyar Villamos Művek,Magyar Villamos Művek Zrt.,MVM,MVM Zrt.,,,zárójel
Magyar Nemzeti Vagyonkezelő (MNV) Zrt.,216,728,512,MNV Zrt.,Nemzeti Vagyonkezelő Zrt.,Magyar Nemzeti Vagyonkezelő,Nemzeti Vagyonkezelő,Magyar Nemzeti Vagyonkezelő Zrt.,Nemzeti Vagyonkezelő Zrt.,zárójel
Budapest Főváros V. kerület Önkormányzata,1,347,346,V. kerület Önkormányzat,V. kerületi önkormányzat,belvárosi önkormányzat,,,,önkormányzat bp
Budapest Főváros Önkormányzata,20,326,306,Fővárosi Önkormányzat,budapesti önkormányzat,Budapest Főváros Önkormányzata- Főpolgármesteri Hivatal,,,,
Duna Aszfalt Zrt.,32,305,273,,,,,,,
Budapest Airport (BA) Zrt.,25,222,197,Budapest Airport Zrt.,BA Zrt.,Budapest Airport,,,,
Fejér B.Á.L. Építő és Szolgáltató Zrt.,1,189,188,Fejér B.Á.L. Zrt.,Fejér BÁL Zrt.,Fejér-B.Á.L. Zrt,,,,
Közgép Zrt.,208,379,171,,,,,,,
Elios Innovatív Zrt.,108,279,171,Elios Zrt.,,,,,,
Sportminisztérium,1,161,160,Gyermek- Ifjúsági- és Sportminisztérium,,,,,,
TV2 (televízió),0,157,157,TV2,tv2 televízió,TV2 Média csoport Zrt.,,,,zárójel
Buda-Cash Brókerház Zrt.,23,170,147,Buda-Cash Zrt.,,,,,,hosszú cégnév
Mediaworks Hungary Zrt.,32,167,135,Mediaworks,Mediaworks Zrt.,,,,,hosszú cégnév
Quaestor Értékpapír Zrt.,65,192,127,,,,,,,
Malév Rt.,8,135,127,,,,,,,
Állami Privatizációs és Vagyonkezelő (ÁPV) Rt.,35,159,124,,,,,,,
BDPST Ingatlanforgalmazó és Beruházó Zrt.,21,140,119,BDPST Zrt.,,,,,,
King's City,21,140,119,,,,,,,
OTP Bank Nyrt.,21,137,116,,,,,,,
Budapest Főváros VII. kerület Önkormányzata (Erzsébetváros),0,115,115,,,,,,,önkormányzat bp
Market Építő Zrt.,118,231,113,Market Zrt.,Market Építő,,,,,
Fővárosi Közterület-fenntartó (FKF) Zrt.,30,136,106,,,,,,,
Nemzeti Infrastruktúra Fejlesztő (NIF) Zrt.,52,156,104,Nemzeti Infrastruktúra Fejlesztő Zrt.,Nemzeti Infrastruktúra Fejlesztő,NIF,NIF Zrt.,,,zárójel
Ökotárs,49,153,104,,,,,,,
Budapest Főváros XIV. kerület Önkormányzata (Zugló),0,99,99,,,,,,,önkormányzat bp
Valton-Sec Zrt.,21,118,97,,,,,,,
4iG Nyrt.,136,229,93,,,,,,,
Zsolnay Zrt.,7,100,93,Zsolnay Porcelánmanufaktúra,,,,,,
Magyar Posta Zrt.,92,184,92,,,,,,,
Debrecen Város Önkormányzata,0,91,91,Debrecen Önkormányzat,debreceni önkormányzat,,,,,önkormányzat város
Pécs Megyei Jogú Város Önkormányzata,1,91,90,Pécs Önkormányzata,pécsi önkormányzat,,,,,önkormányzat város
Gazdasági Minisztérium,26,111,85,,,,,,,
Magyar Telekom Nyrt.,22,106,84,,,,,,,
Bp2017 Világbajnokság Szervező és Lebonyolító Nonprofit Kft.,16,99,83,,,,,,,
Esztergom Város Önkormányzata,2,84,82,,,,,,,
Konzum Befektetési és Vagyonkezelő Nyrt.,40,121,81,Konzum Befektetési Alapkezelő Zrt.,,,,,,
ZÁÉV Zrt.,102,182,80,ZÁÉV Építőipari Zrt.,,,,,,
Takarékbank Zrt.,26,106,80,MTB Takerékbank,,,,,,
MNKH Magyar Nemzeti Kereskedőház Zrt.,16,93,77,MNKH Zrt.,Magyar Nemzeti Kereskedőház Zrt.,,,,,
Swietelsky Építő Kft.,16,93,77,Swietelsky Magyarország Kft.,,,,,,
MÁV Cargo Árufuvarozási Zrt.,1,78,77,,,,,,,
BAE Systems-SAAB,8,84,76,BAE Systems,,,,,,
Kun-Mediátor Szolgáltató Kft.,1,77,76,,,,,,,
Eclipse Informatikai Rt.,1,76,75,,,,,,,
Centrum Parkoló Rendszer Kft.,24,97,73,,,,,,,
West Hungária Bau (WHB) Építő Kft. ,215,286,71,WHB,West Hungária Bau,West Hungária Bau Építő Kft. ,,,,zárójel
Young & Partners Kft.,6,77,71,,,,,,,
MVM Paks II. Atomerőmű Fejlesztő Zrt.,15,85,70,MVM Paksi Atomerőmű Zrt.,Paks II. Zrt.,,,,,
Budapest Főváros I. kerület Önkormányzata (Budavár),0,70,70,,,,,,,önkormányzat bp
Altus Zrt.,60,129,69,,,,,,,
New Land Media Kft.,118,186,68,,,,,,,
Állami Autópálya Kezelő (ÁAK) Zrt.,6,73,67,,,,,,,
Mathias Corvinus Collegium Alapítvány,27,93,66,,,,,,,
Appeninn Holding Nyrt.,23,89,66,Appenin,Appeninn Nyrt.,Appeninn Vagyonkezelő Holding,,,,
Hunguest Hotels Zrt.,58,123,65,,,,,,,
Modern Media Group Befektetési és Vagyonkezelő (MMG) Zrt.,3,68,65,,,,,,,
NHB Növekedési Hitel Bank Zrt.,6,70,64,,,,,,,
Budapest Főváros VI. kerület Önkormányzata (Terézváros),0,61,61,,,,,,,önkormányzat bp
Opus Global Nyrt.,165,223,58,,,,,,,
HírTV Zrt.,8,66,58,,,,,,,
Budapest Főváros IX. kerület Önkormányzata (Ferencváros),0,58,58,,,,,,,önkormányzat bp
Paksi Atomerőmű Rt.,13,70,57,,,,,,,
Budapest Gyógyfürdői és Hévízei Zrt.,6,63,57,,,,,,,
FTC Labdarúgó Zrt.,32,88,56,,,,,,,
Humán Operátor Zrt.,29,85,56,,,,,,,
Mátrai Erőmű Zrt.,43,98,55,,,,,,,
Grupo Milton Zrt.,3,58,55,,,,,,,
Szárhegydűlő-Sárazsadány-Tokajhegyalja Kft.,2,57,55,,,,,,,
Norvég Alap,118,172,54,,,,,,,
Budapesti Ingatlanhasznosítási és Fejlesztési (BIF) Nyrt.,1,55,54,,,,,,,
Budapest Bank Zrt.,6,59,53,,,,,,,
Szeged Város Önkormányzata,1,54,53,,,,,,,
Budapest Főváros VIII. kerület Önkormányzata (Józsefváros),0,53,53,,,,,,,önkormányzat bp
Quaestor Financial Hrurira Kft.,27,79,52,,,,,,,
EMFESZ Kft.,12,64,52,,,,,,,
Hódmezővásárhely Város Önkormányzata,0,52,52,Hódmezővásárhely Önkormányzat,hódmezővásárhelyi önkormányzat,,,,,önkormányzat város
Győr Megyei Jogú Város Önkormányzata,3,54,51,Győr Önkormányzata,győri ökormányzat,,,,,önkormányzat város
Betonút Zrt.,28,78,50,,,,,,,
Trinity International Communications Kft.,33,82,49,,,,,,,
Esma Zrt.,3,52,49,ESMA Reklám Zrt.,,,,,,
Magyar Idők (újság),0,47,47,Magyar Idők,,,,,,zárójel
Lounge Design Kft.,105,150,45,Lounge Design Szolgáltató Kft.,,,,,,
Antenna Hungária Zrt.,74,119,45,,,,,,,
TV2 Média Csoport Zrt.,19,64,45,,,,,,,
Századvég Gazdaságkutató Zrt.,92,136,44,,,,,,,
Magyarország Kormánya,34,78,44,,,,,,,
Vegyépszer Zrt.,16,60,44,,,,,,,
Híd a Munka Világába Foglalkoztatási Szövetkezet,1,45,44,Híd a Munka Világába Szövetkezet,,,,,,
Érd Város Önkormányzata,0,44,44,Érd Önkormányzat,érdi önkormányzat,,,,,önkormányzat város
Publimont Kft.,51,94,43,Publimont Hirdetésszervező Kft.,,,,,,
Network 360 Kft.,37,80,43,Network 360 Reklámügynökség Kft.,,,,,,
VIRESOL Kft.,1,44,43,,,,,,,
Budapest Főváros XIII. kerület Önkormányzata,0,43,43,,,,,,,önkormányzat bp
Magyar Bankholding Zrt.,13,54,41,,,,,,,
Arton Capital Hungary Pénzügyi Tanácsadó Kft.,4,45,41,,,,,,,
Szekszárd Megyei Jogú Város Önkormányzata,2,43,41,Szekszárd Önkormányzata,szekszárdi önkormányzat,,,,,önkormányzat város
Felcsút község Önkormányzata,0,41,41,Felcsút Önkormányzat,felcsúti önkormányzat,,,,,önkormányzat község
UD Vagyonvédelmi Zrt.,16,56,40,,,,,,,
Quaestor Pénzügyi Tanácsadó Zrt.,47,86,39,,,,,,,
EchoTV,8,47,39,,,,,,,
Közép- és Kelet-Európai Történelem és Társadalom Kutatásért Közalapítvány,1,40,39,,,,,,,
Mahir Cityposter Kft.,72,110,38,,,,,,,
Terézvárosi Vagyonkezelő Rt.,11,49,38,,,,,,,
Penta Industry Ipari Erőműtechnikai Fővállalkozó és Szolgáltató Kft.,2,40,38,,,,,,,
Siemens Zrt.,17,54,37,,,,,,,
Nemzeti Földalapkezelő Szervezet,195,231,36,Nemzeti Földalapkezelő,Földalapkezelő,,,,,
Microsoft Magyarország Kft.,7,43,36,,,,,,,
Balatontourist Camping Kft.,7,42,35,,,,,,,
Volánbusz Zrt.,50,84,34,,,,,,,
Pallas Athéné Alapítványok,12,46,34,,,,,,,
Public Sector Consulting Kft.,12,46,34,,,,,,,
C. C. Soft Kft.,10,44,34,,,,,,,
Siemens AG,10,44,34,,,,,,,
Continental Dohányipari Zrt.,25,58,33,,,,,,,
A-Híd Építő Zrt.,18,51,33,,,,,,,
New Wave Media Kft.,18,51,33,,,,,,,
Vodafone Magyarország Távközlési Zrt.,10,43,33,Vodafone Zrt.,Vodafone Magyarország Zrt.,,,,,
Budapest Főváros XIX. kerület Önkormányzata (Kispest),0,33,33,,,,,,,önkormányzat bp
Bayer Construct Zrt.,23,55,32,,,,,,,
Atmedia Kft.,11,43,32,,,,,,,
Colas Út Építőipari Zrt.,1,33,32,,,,,,,
R-Kord Kft.,133,164,31,,,,,,,
V-Híd Zrt.,68,99,31,,,,,,,
Opimus Group Nyrt.,26,57,31,,,,,,,
MET Magyarország Zrt.,11,42,31,,,,,,,
Dataplex,8,39,31,,,,,,,
System Consulting Rt.,4,35,31,,,,,,,
Debreceni Vagyonkezelő Rt.,1,32,31,,,,,,,
Együtt (párt),0,31,31,,,,,,,zárójel
Civil Biztonsági Szolgálat Zrt.,74,104,30,,,,,,,
Századvég Politikai Iskola Alapítvány,59,89,30,,,,,,,
Deloitte & Touche,11,41,30,,,,,,,
FM1 Konzorcium,10,40,30,,,,,,,
Budapest Főváros XII. Kerület Önkormányzat (Hegyvidék),9,39,30,,,,,,,önkormányzat bp
Magyar Katolikus Egyház,5,35,30,,,,,,,
Arago Befektetési Holding Zrt.,3,33,30,,,,,,,
Nádor 95 Rt.,2,32,30,,,,,,,
Szombathely Megyei Jogú Város Önkormányzata,2,32,30,Szombathely Önkormányzata,szombathelyi önkormányzat,,,,,önkormányzat város
Dombóvár Város Önkormányzata,0,30,30,,,,,,,önkormányzat város
EGÚT Egri Útépítő Zrt.,0,30,30,,,,,,,
Diófa Alapkezelő Zrt.,17,46,29,,,,,,,
T-Systems Magyarország Zrt.,27,55,28,,,,,,,
Synergon Nyrt.,12,40,28,,,,,,,
Pannon Lapok Társasága Kft.,6,34,28,,,,,,,
Metis Magántőke Alap,2,30,28,Metis magántőkealap,Metis tőkealap,,,,,
Quaestor Befektetési Alapkezelő (QBA) Zrt.,1,29,28,Quaestor Befektetési Alapkezelő Zrt.,QBA Zrt.,,,,,
Hungária Értékpapír Zrt.,59,86,27,,,,,,,
Pharos ’95 Kft.,24,51,27,,,,,,,
Hajdú-Bét Rt.,14,41,27,,,,,,,
Concordia Közraktár Rt.,4,31,27,,,,,,,
Eurocontact Kft.,2,29,27,,,,,,,
RM International  Zrt.,0,27,27,,,,,,,
Vasútvill Vasútvillamosító Kft.,0,27,27,,,,,,,
Balmazújváros Város Önkormányzata,0,27,27,Balmazújváros Önkormányzat,balmazújvárosi önkormányzat,,,,,önkormányzat város
Sávoly Motorcentrum Fejlesztő Kft.,22,48,26,,,,,,,
Gánt Kő Kft.,11,37,26,,,,,,,
Mezőkövesd Zsóry FC Kft.,7,33,26,,,,,,,
Határőrség,3,29,26,,,,,,,
Agrárinnovációs Vidék- és Területfejlesztési Kht.,2,28,26,,,,,,,
Carion Holding Zrt.,2,28,26,,,,,,,
Herba Hungary Zrt.,2,28,26,,,,,,,
Budapest Főváros XVIII. kerület Önkormányzata,0,26,26,,,,,,,önkormányzat bp
csepeli szennyvíztisztító,0,26,26,,,,,,,
Budapest Főváros XVIII. kerület Önkormányzata,0,26,26,XVIII. kerületi önkormányzat,,,,,,önkormányzat bp
Búzakalász 66 Kft.,57,82,25,,,,,,,
DBR Metro,15,40,25,,,,,,,
Ripost Média Kft.,10,35,25,,,,,,,
GerillaPress Kft.,5,30,25,,,,,,,
Miskolc Megyei Jogú Város Önkormányzata,5,30,25,Miskolc Önkormányzata,miskolci önkormányzat,,,,,önkormányzat város
HM Térképészeti Közhasznú Nonprofit Kft.,4,29,25,,,,,,,
Nemzeti Fejlesztési Programiroda Kft.,4,29,25,,,,,,,
HM Zrínyi Nonprofit Kft.,3,28,25,,,,,,,
Budapest Főváros II. kerület Önkormányzat,0,25,25,,,,,,,önkormányzat bp
EuroAszfalt Kft.,29,53,24,,,,,,,
Nemzeti Hulladékgazdálkodási Koordináló és Vagyonkezelő Zrt.,22,46,24,,,,,,,
MOHU MOL Hulladékgazdálkodási Zrt.,19,43,24,MOHU Zrt.,MOL Hulladékgazdálkodási Zrt.,,,,,
Pécsi Egyházmegye,15,39,24,,,,,,,
Megafon Digitális Inkubátor Központ Nonprofit Kft.,10,34,24,Megafon Kft.,Megafon Digitális Inkubátor Kft.,Megafon Digitális Inkubátor Központ Kft.,,,,
Waberer’s International Nyrt.,8,32,24,,,,,,,
Kazincbarcika Város Önkormányzata,1,25,24,,,,,,,
Konzum Befektetési Alapkezelő Zrt.,16,39,23,,,,,,,
Magyar Bírósági Végrehajtói Kamara,15,38,23,,,,,,,
Globex Holding,10,33,23,,,,,,,
MÁV Start Zrt.,4,27,23,,,,,,,
Fót Város Önkormányzata,2,25,23,,,,,,,
MTM SBS,1,24,23,,,,,,,
Tesco Global Áruházak Zrt.,1,24,23,Tesco Global Zrt.,,,,,,
Origo Zrt.,25,47,22,,,,,,,
Szeviép,17,39,22,,,,,,,
MBH Bank Nyrt.,10,32,22,,,,,,,
Zömök Biztonságtechnikai Kft.,10,32,22,,,,,,,
VolDan Investments Ltd.,9,31,22,,,,,,,
Budai Hengermalom Rt.,6,28,22,,,,,,,
Kulturális Minisztérium,6,28,22,,,,,,,
Motim Rt.,6,28,22,,,,,,,
Századvég Kft.,4,26,22,,,,,,,
DIGI Távközlési és Szolgáltató Kft.,2,24,22,,,,,,,
Munkaügyi Minisztérium,2,24,22,,,,,,,
Pro Aurum Rt.,1,23,22,,,,,,,
Nyíregyháza Megyei Jogú Város Önkormányzata,0,22,22,Nyíregyháza Önkormányzat,nyíregyházi önkormányzat,,,,,önkormányzat város
Főtáv Zrt.,41,62,21,,,,,,,
Omninvest Kft.,28,49,21,,,,,,,
Környezetvédelmi Minisztérium,21,42,21,,,,,,,
Kisfaludy2030 Turisztikai Fejlesztő Nonprofit Zrt.,12,33,21,,,,,,,
BanKonzult Pénzügyi és Gazdasági Tanácsadó Kft.,6,27,21,,,,,,,
Tokaj Kereskedőház Zrt.,5,26,21,,,,,,,
Új Nemzedék Központ Nonprofit Közhasznú Kft.,4,25,21,,,,,,,
Arcadom Rt.,1,22,21,,,,,,,
Vasútépítők Pályatervező Kivitelező és Iparvágányfenntartó Kft.,0,21,21,,,,,,,
Magyar Bírósági Végrehajtói Kar,157,177,20,,,,,,,
Porto Investment Hungary Kft.,20,40,20,,,,,,,
Pécsi Városüzemelési és Vagyonkezelő Zrt.,8,28,20,,,,,,,
Budapest Főváros III. kerület Önkormányzata (Óbuda-Békásmegyer),8,28,20,,,,,,,önkormányzat bp
Mavir Zrt.,4,24,20,,,,,,,
Balatonvilágos Község Önkormányzata,1,21,20,Balatonvilágos Önkormányzat,balatonvilágosi önkormányzat,,,,,
Mezőhegyesi Állami Ménes Kft.,1,21,20,,,,,,,
MNB Ingatlan Kft.,1,21,20,,,,,,,
Kecskemét Megyei Jogú Város Önkormányzata,0,20,20,Kecskemét Önkormányzata,kecskeméti önkormányzat,,,,,önkormányzat város
Kaposvár Város Önkormányzata,0,20,20,Kaposvár Önkormányzat,kaposvári önkormányzat,,,,,önkormányzat város
Figyelő (újság),0,20,20,,,,,,,zárójel
Raw Development Kft.,28,47,19,,,,,,,
DemNet Alapítvány,7,26,19,,,,,,,
ATV Zrt.,6,25,19,,,,,,,
Lapcom Kiadó Zrt.,5,24,19,,,,,,,
ContiCar,4,23,19,,,,,,,
Eger Megyei Jogú Város Önkormányzata,1,20,19,Eger Önkormányzata,egri önkormányzat,,,,,önkormányzat város
Hangarn Oil Products Trading,1,20,19,,,,,,,
Zuglói Vagyonkezelő Rt.,1,20,19,,,,,,,
DVTK (futball),0,19,19,,,,,,,zárójel
Lokál (újság),0,19,19,,,,,,,zárójel
Székesfehérvár Város Önkormányzata,0,19,19,,,,,,,önkormányzat város
Siófok Város Önkormányzata,0,19,19,,,,,,,önkormányzat város
Fiatal Baloldal,97,115,18,,,,,,,
Magyar Termés TÉSZ Kft.,48,66,18,,,,,,,
HG 360 Reklámügynökség Kft.,11,29,18,,,,,,,
Pallas Athéné Domus Optima Zrt.,4,22,18,,,,,,,
Budapest Honvéd FC,3,21,18,,,,,,,
Belváros-Lipótváros Ingatlanfejlesztési és Vagyonkezelő Zrt.,2,20,18,,,,,,,
Szántód BalaLand Family Kft.,2,20,18,,,,,,,
Veresegyház Város Önkormányzata,1,19,18,,,,,,,
AAM Zrt.,31,48,17,,,,,,,
HM Currus Rt.,10,27,17,,,,,,,
Magyarok Egymásért Szövetség,5,22,17,,,,,,,
Pió 21 Kft.,2,19,17,,,,,,,
HEPA Magyar Exportfejlesztési Nonprofit Zrt.,1,18,17,,,,,,,
Serenity Solution Kft.,1,18,17,,,,,,,
Államadósság-kezelő Központ,31,47,16,Államadósság Kezelő Központ Zrt.,Államadósság Kezelő Központ,Államadósságkezelő Központ,,,,
Nemzeti Ménesbirtok és Tangazdaság Zrt.,27,43,16,,,,,,,
Budapest 2024 Nonprofit Zrt.,21,37,16,,,,,,,
Tabán Trafik Zrt.,20,36,16,,,,,,,
CIG Pannónia Életbiztosító Nyrt.,16,32,16,,,,,,,
Blue Robin Investments,8,24,16,,,,,,,
Sárhegyi és Társa Ügyvédi Iroda,8,24,16,,,,,,,
Győr–Sopron–Ebenfurti Vasút (GYSEV) Zrt.,1,17,16,,,,,,,
Siófok FC,1,17,16,,,,,,,
Mega-Logistic Rt.,0,16,16,,,,,,,
Országos Környezetvédelmi Természetvédelmi és Vízügyi Felügyelőség,0,16,16,,,,,,,
Dolomit Kft.,56,71,15,,,,,,,
Hung-Ister Zrt.,27,42,15,,,,,,,
Fourcardinal Tanácsadó Kft.,14,29,15,,,,,,,
Prestige Média Kft.,11,26,15,,,,,,,
GB & Partners Kockázati Tőkealap-kezelő Zrt.,6,21,15,,,,,,,
Magyar Református Egyház,6,21,15,,,,,,,
Várgondnokság Nonprofit Kft.,4,19,15,,,,,,,
Kisvárda Város Önkormányzata,3,18,15,,,,,,,
Szentendre Város Önkormányzata,3,18,15,,,,,,,
Richter Gedeon Vegyészeti Gyár Nyrt.,2,17,15,,,,,,,
Bayer Property Ingatlanfejlesztő Zrt.,1,16,15,,,,,,,
Mellow Mood Kft.,1,16,15,,,,,,,
Újszentiván Község Önkormányzata,0,15,15,,,,,,,
FHB Bank,43,57,14,,,,,,,
Nitrogénművek Zrt.,32,46,14,,,,,,,
MVM Paksi Atomerőmű Zrt.,28,42,14,Paksi Zrt.,MVM Paksi Zrt.,Paksi Atomerőmű Zrt.,,,,
Talentis Agro Zrt.,25,39,14,,,,,,,
AV Investments Kft.,21,35,14,,,,,,,
I.M.G. Inter Media Group Kft.,21,35,14,,,,,,,
Agrármarketing Centrum Kht.,5,19,14,,,,,,,
ODEX Outdoor Expert Kft.,3,17,14,,,,,,,
Keszthely Város Önkormányzata,2,16,14,,,,,,,
Well Reklámügynökség Kft.,2,16,14,,,,,,,
Antall József Tudásközpont Alapítvány,1,15,14,,,,,,,
Fleminghouse Investments,1,15,14,,,,,,,
Hatvan Város Önkormányzata,1,15,14,,,,,,,
PriceWaterhouse,1,15,14,,,,,,,
Budapest Főváros X. kerület Önkormányzata (Kőbánya),0,14,14,,,,,,,önkormányzat bp
Talentis Group Zrt.,63,76,13,Talentis Group,,,,,,
Las Vegas Casino Kft.,33,46,13,,,,,,,
Pécsi Közlekedési Zrt.,22,35,13,,,,,,,
Sopron-Fertő Turisztikai Fejlesztő Nonprofit Zrt.,20,33,13,Sopron-Fertő Turisztikai Zrt.,Sopron-Fertő Zrt.,,,,,
DatAdat Professional Kft.,17,30,13,DatAdat Kft.,,,,,,
Csepel-sziget Általános és Szakképző Iskola,14,27,13,,,,,,,
Opimus Press Zrt.,14,27,13,,,,,,,
Magyar Divat & Design Ügynökség Nonprofit Zrt.,12,25,13,,,,,,,
Egy a Természettel Nonprofit Kft.,11,24,13,,,,,,,
Inform Média Kft.,7,20,13,,,,,,,
Szövetség a Modern Magyarországért,7,20,13,,,,,,,
Honvéd Kórház,6,19,13,,,,,,,
Generál Média Kft.,4,17,13,,,,,,,
Kisvárda FC,3,16,13,,,,,,,
Magyar Nemzeti Filmalap Zrt.,3,16,13,,,,,,,
Magyar Rádió Nonprofit Zrt.,3,16,13,,,,,,,
Samsung SDI Magyarország Zrt.,3,16,13,,,,,,,
Esplanade Hungary Kft.,2,15,13,,,,,,,
Likefest Szervező és Szolgáltató Kft.,2,15,13,,,,,,,
Las Vegas Casino S.a.r.l.,1,14,13,,,,,,,
Megafilm Service Műsorgyártó és Szolgáltató Kft.,1,14,13,,,,,,,
Baja Város Önkormányzata,0,13,13,bajai önkormányzat,Baja Önkormányzat,,,,,önkormányzat város
Frank Digital Kft.,27,39,12,,,,,,,
Montrade Ltd.,21,33,12,,,,,,,
Magyar Broadcasting Co. Kft.,16,28,12,,,,,,,
Pro-Mot Kft.,12,24,12,,,,,,,
Nézőpont Csoport Zrt.,8,20,12,,,,,,,
Quaestor Bank,5,17,12,,,,,,,
Whitedog Media Kft.,5,17,12,,,,,,,
888,4,16,12,,,,,,,
Duna Takarék Bank Zrt.,4,16,12,,,,,,,
Autóker Holding Rt.,3,15,12,,,,,,,
Balmoral Group Ltd.,3,15,12,,,,,,,
Bus & Coach Trade BV,3,15,12,,,,,,,
Ennet Ingatlanfejlesztő Kft.,3,15,12,,,,,,,
Gyula Város Önkormányzata,3,15,12,,,,,,,
Minden Gyermek Lakjon Jól Alapítvány,3,15,12,,,,,,,
Xenoplast Shipping AG,3,15,12,,,,,,,
Dunakeszi Város Önkormányzata,2,14,12,,,,,,,
EvoBus Hungária,2,14,12,,,,,,,
Magyar Exporthitel Biztosító (Mehib) Zrt.,2,14,12,,,,,,,
Nyíregyházi Városüzemeltető és Vagyonkezelő Nonprofit Kft.,2,14,12,,,,,,,
Balatonföldvár Város Önkormányzata,1,13,12,,,,,,,
Design Terminal Közhasznú Nonprofit Kft.,1,13,12,,,,,,,
HM Verga Zrt.,1,13,12,,,,,,,
Infocenter Zrt.,1,13,12,,,,,,,
LeasePlane Hungária Rt.,1,13,12,,,,,,,
Országgyűlés nemzetbiztonsági bizottság,1,13,12,,,,,,,
Pécsi Tömegközlekedési Rt.,1,13,12,,,,,,,
Power Investments International II. S.Á.R.L.,1,13,12,,,,,,,
Nyír-Unica Kft.,0,12,12,,,,,,,
Hídépítő Zrt.,42,53,11,,,,,,,
Miskolc Holding Zrt.,14,25,11,,,,,,,
Cemi Kft.,7,18,11,,,,,,,
Magyar Hivatalos Közlönykiadó Kft.,4,15,11,,,,,,,
Ceroma Holdings Limited,3,14,11,,,,,,,
Kőbeta Rt.,3,14,11,,,,,,,
Minerva Befektetési Alapkezelő,0,11,11,,,,,,,
Közös Nevező Párt,0,11,11,Közös Nevező,,,,,,"átneveztem, korábban KÖZÖS NEVEZŐ volt"
Magyar Lóversenyfogadást-Szervező Kft.,0,11,11,,,,,,,
Karcag Város Önkormányzata,0,10,10,,,,,,,önkormányzat város
HUMDA Magyar Autó- és Motorfejlesztési Ügynökség Zrt.,0,10,10,,,,,,,
Gyömrő Város Önkormányzata,0,10,10,gyömrői önkormányzat,Gyömrő Önkormányzat,,,,,önkormányzat város
Érpatak Község Önkormányzata,0,10,10,,,,,,,önkormányzat község
Méhkerék Város Önkormányzata,0,9,9,,,,,,,
Nemzeti Sport (újság),0,9,9,Nemzeti Sport,Nemzeti Sport lap,,,,,zárójel
Észak-Magyarországi Regionális Vízművek Zrt.,0,9,9,,,,,,,
Metropol (újság),0,9,9,Metropol,Metropol napilap,,,,,zárójel
MEDIATOR GROUP Kft.,0,9,9,,,,,,,
Kiskunhalas Város Önkormányzata,0,9,9,,,,,,,önkormányzat város
Ady Endre (úti) Szociális Otthon Pécel,0,9,9,,,,,,,
Gazdaságtudományi Vezetéselméleti és Érdek-képviseleti Egyesület,0,9,9,,,,,,,
Budapest Főváros IV. kerület Önkormányzata (Újpest),0,8,8,,,,,,,önkormányzat bp
Nagykőrös Város Önkormányzat,0,8,8,,,,,,,
Alapítvány a kelet- és közép-európai kutatásért és képzésért,0,8,8,,,,,,,
Zalaegerszegi Torna Egylet FC (ZTE),0,7,7,ZTE,Zalaegerszegi Torna Egylet,,,,,
Tagba kft.,0,7,7,,,,,,,
DH-Szervíz Kft.,0,7,7,,,,,,,
Budapest Főváros XXIII. kerület Önkormányzata (Soroksár),0,7,7,XXIII. kerületi önkormányzat,Soroksári Önkormányzat,,,,,önkormányzat bp
Harkány Város Önkormányzata,0,7,7,,,,,,,
Develor Tanácsadó Rt.,0,7,7,,,,,,,
Vilati Rt.,0,7,7,,,,,,,
T.O.M. Controll 2001 Kft.,0,7,7,,,,,,,
Országgyűlés gazdasági bizottsága,0,7,7,,,,,,,
Sümeg Város Önkormányzata,0,7,7,,,,,,,
Hajdúhadház Város Önkormányzata,0,7,7,,,,,,,
Jászapáti Város Önkormányzata,0,7,7,,,,,,,
Bicske Város Önkormányzata,0,7,7,,,,,,,
Biatorbágy Önkormányzata,0,7,7,,,,,,,
Debrecen-Airport Kft.,0,7,7,,,,,,,
Quaestor-csoport,0,6,6,,,,,,,
Rakamaz Város Önkormányzata,0,6,6,,,,,,,
Zalaegerszeg Megyei Jogú Város Önkormányzata,0,6,6,Zalaegerszeg Önkormányzata,zalaegerszegi önkormányzat,,,,,önkormányzat város
Álmosd Község Önkormányzata,0,6,6,,,,,,,
Rheinmetall Hungaria Zrt.,0,6,6,,,,,,,
Szigetvár Város Önkormányzata,0,6,6,,,,,,,
Abony Város Önkormányzata,0,6,6,,,,,,,
Dél-Borsod Ifjúságáért Sport Kulturális és Szabadidő Alapítvány,0,6,6,,,,,,,
Badacsonytomaj Város Önkormányzata,0,6,6,Badacsonytomaj Önkormányzat,badacsonytomaji önkormányzat,,,,,
Med 21Kft.,0,6,6,,,,,,,
Minerva V50 V50 Ingatlanfejlesztő Alap,0,6,6,,,,,,,
Hódmezővásárhelyi Útépítő (Hódút) Kft.,0,6,6,,,,,,,
Ductus Szaktanácsadó Kft.,0,6,6,,,,,,,
Hírös Vitál Zrt.,0,6,6,,,,,,,
Mosonmagyaróvár Város Önkormányzata,0,6,6,,,,,,,
Belfry-csoport,0,6,6,,,,,,,
Indotek Investments Alapkezelő Zrt.,0,5,5,,,,,,,
Központi Bűnöldözési Igazgatóság,0,5,5,,,,,,,
MNB Biztonsági Szolgáltatások Zrt.,0,5,5,,,,,,,
I-com Iroda - Kommunikáció Kft.,0,5,5,,,,,,,
Csekonics József Program,0,5,5,,,,,,,
Geodézia és Térképészeti Zrt.,0,5,5,,,,,,,
Mentor Közéleti Kulturális Sport Egyesület,0,5,5,,,,,,,
Idom Házépítő kft.,0,5,5,,,,,,,
FK Lendva,0,5,5,,,,,,,
MOL Petrokémia Zrt.,0,5,5,,,,,,,
WIT ZRt.,0,5,5,,,,,,,
Polgári Egyesület Szombathelyért,0,5,5,,,,,,,
Infokom Innovátor Kft.,0,5,5,,,,,,,
Porr Ag,0,5,5,,,,,,,
ES-Invest Kft.,0,5,5,,,,,,,
Branko cégcsoport,0,5,5,,,,,,,
maffiaellenes központ,0,5,5,,,,,,,
Claessens-group Companys,0,5,5,,,,,,,
BYD ElectricBus & Truck Hungary Kft,0,5,5,,,,,,,
Tatai Honvéd Atlétikai Club,0,5,5,,,,,,,
BRFK XIII. kerületi Rendőrkapitányság,0,5,5,,,,,,,
Magyar Kft. (Мадьяр OOO,0,5,5,,,,,,,
Vasas Labdarugó Sportszolgáltató Kft.,0,5,5,,,,,,,
Pécs-Pogányi Repülőteret Működtető Kft.,0,5,5,,,,,,,
Ramiris Auto Kft.,0,5,5,,,,,,,
Tiszasziget Község Önkormányzata,0,5,5,,,,,,,
Coop-Hungary Zrt.,0,5,5,,,,,,,
Fonyód Város Önkormányzata,0,5,5,,,,,,,
Olajterv Fővállalkozó és Tervező Zrt.,0,5,5,,,,,,,
Tura Város Önkormányzata,0,5,5,,,,,,,
Mezőhegyes Város Önkormányzata,0,5,5,,,,,,,
Cegléd Város Önkormányzata,0,5,5,,,,,,,
Budapest Főváros XVII. kerület Önkormányzata (Rákosmente),0,4,4,,,,,,,önkormányzat bp
Duna House Franchise Kft.,0,4,4,,,,,,,
Szigetszentmiklós Város Önkormányzata,0,4,4,,,,,,,
PQS Plural Kft.,0,4,4,,,,,,,
UNION Vienna Insurance Group Biztosító Zrt.,0,4,4,,,,,,,
Észak-magyarországi Fejlesztési Zrt.,0,4,4,,,,,,,
Prudent Invest Zrt.,0,4,4,,,,,,,
Pusztaföldvár Község Önkormányzata,0,4,4,,,,,,,
Magyar Evangélikus Egyház,0,4,4,,,,,,,
Patrícius Kft.,0,4,4,,,,,,,
Közép-európai Oktatási Alapítvány,0,4,4,,,,,,,
Jobb Jövőért  Alapítvány,0,4,4,,,,,,,
Városom szeretlek Egyesület,0,4,4,,,,,,,
Monor Város Önkormányzata,0,4,4,,,,,,,
Mahir Kiállítás Kft.,0,4,4,,,,,,,
Kövess minket 2022 Kft.,0,4,4,,,,,,,
Bors magazin,0,4,4,,,,,,,
Ez a Lényeg (újság),0,4,4,,,,,,,
Vágányprofil kft.,0,4,4,,,,,,,
Széchenyi programirodák,0,4,4,,,,,,,
CPAC (Konzervatív Politikai Akció Konferencia),0,4,4,,,,,,,
Pálháza Város Önkormányzata,0,4,4,,,,,,,
Magyarországi Görögkatolikus Egyház,0,4,4,,,,,,,
Központi Érkeztető Rendszer,0,4,4,,,,,,,
Júlia-Malom Kft.,0,4,4,,,,,,,
HÍDÉPÍTŐ Speciál Vízi és Robbantási MunkákKft.,0,4,4,,,,,,,
Balaton-nagybereki Állami Gazdaság,0,4,4,,,,,,,
Culinaris Kft.,0,4,4,,,,,,,
Rezeda 5 Kft.,0,4,4,,,,,,,
EX ANTE Tanácsadó Iroda Kft.,0,4,4,,,,,,,
Optimus Nyrt.,0,4,4,,,,,,,
Swietelsky-csoport,0,4,4,,,,,,,
Paks Város Önkormányzata,0,4,4,,,,,,,
Kilián autóbusz-szakszervezet,0,4,4,,,,,,,
CÉH Tervező,0,4,4,,,,,,,
Tompa Város Önkormányzata,0,4,4,,,,,,,
Pannon Cargo & Sped Kft.,0,4,4,,,,,,,
Új Nemzedék Jövőjéért Program,0,4,4,,,,,,,
Nagykanizsa Megyei Jogú Város Önkormányzata,0,4,4,Nagykanizsa Önkormányzata,nagykanizsai önkormányzat,,,,,önkormányzat város
Szakoly Község Önkormányzata,0,4,4,,,,,,,
Magyar Sertéstartók Szövetsége,0,4,4,,,,,,,
Mórahalom Város Önkormányzata,0,4,4,,,,,,,
BALATON MEAT KFT.,0,4,4,,,,,,,
Erzsébetvárosi Önkormányzat Vagyonkezelő Zrt.,0,4,4,,,,,,,
Tárnok Önkormányzata,0,4,4,,,,,,,
Civis Ház Rt.,0,4,4,,,,,,,
R. A. Trade Kereskedelmi és Szolgáltató Kft.,0,4,4,,,,,,,
Nagymaros Város Önkormányzata,0,4,4,,,,,,,
MET-csoport,0,4,4,,,,,,,
Budapest Főváros XXII. kerület Önkormányzata (Budafok-Tétény),9,12,3,Budafok Önkormányzat,budafoki önkormányzat,XXII. kerületi önkormányzat,,,,önkormányzat bp
Budapest Főváros XV. Kerület Önkormányzata (Rákospalota),3,6,3,,,,,,,önkormányzat bp
Citadella 4U Kft.,0,3,3,,,,,,,
Tokaj Aktív Turisztikai Kft.,0,3,3,,,,,,,
Metro (lap),0,3,3,,,,,,,
Referencia Mosodák Zrt.,0,3,3,,,,,,,
Újfehértó Város Önkormányzata,0,3,3,,,,,,,
Mórakert Értékesítő Szövetkezet,0,3,3,,,,,,,
Cigányság Foglalkoztatásáért Kht.,0,3,3,,,,,,,
Összefogás Egyesület (Érd),0,3,3,,,,,,,
Egymillióan a Magyar Esportért Egyesület,0,3,3,,,,,,,
Pannon-víz Zrt.,0,3,3,,,,,,,
BRFK korrupció és gazdasági bűnözés elleni főosztály,0,3,3,,,,,,,
Tiszaújváros Város Önkormányzata,0,3,3,,,,,,,
Horse Trading Ltd.,0,3,3,,,,,,,
Tiszakécske Város Sportegyesülete,0,3,3,,,,,,,
BS-AXIS Építőipari Kft.,0,3,3,,,,,,,
Tiszafüred Város Önkormányzata,0,3,3,,,,,,,
Modus cégek,0,3,3,,,,,,,
Perfekting Mérnök Iroda Kft.,0,3,3,,,,,,,
Informin\' Zrt.,0,3,3,,,,,,,
Cs. Sziget Invest,0,3,3,,,,,,,
Otthon Centrum Franchising Kft.,0,3,3,,,,,,,
Csepreg Város Önkormányzata,0,3,3,,,,,,,
Pro A Kft.,0,3,3,,,,,,,
XIII. Kerületi Közszolgáltató Zrt.,0,3,3,,,,,,,
M6 Tolna Konzorcium,0,3,3,,,,,,,
Agro-City Zrt.,0,3,3,,,,,,,
Cserdi község önkormányzata,0,3,3,,,,,,,
Mento Kft,0,3,3,,,,,,,
International Air Brokerage Ltd.,0,3,3,,,,,,,
komáromi állami gazdaság,0,3,3,,,,,,,
Csobánka Község Önkormányzata,0,3,3,,,,,,,
Versend Község Önkormányzata,0,3,3,,,,,,,
JeT-SOL Kft.,0,3,3,,,,,,,
Hajdúsámson Város Önkormányzata,0,3,3,,,,,,,
Comp-Let Party Service Kft.,0,3,3,,,,,,,
Universe Management  Kft.,0,3,3,,,,,,,
Archibald Ingatlanhasznosító Szabadidő Sport Kft.,0,3,3,,,,,,,
Törökszentmiklós Város Önkormányzata,0,3,3,,,,,,,
HSP Hídépítő Kft.,0,3,3,,,,,,,
Oroszlány város Önkormányzata,0,3,3,,,,,,,
Hőgyészi Agrokémiai  Kft.,0,3,3,,,,,,,
KLH Kft.,0,3,3,,,,,,,
Corex Kft.,0,3,3,,,,,,,
Balansz Zártkörű Nyíltvégű Ingatlan Alap,0,3,3,,,,,,,
KOLPING Családi Hotel Vagyonkezelő Kft.,0,3,3,,,,,,,
Nyírmártonfalva Önkormányzata,0,3,3,,,,,,,
Nyírlugos Város Önkormányzata,0,3,3,,,,,,,
Fradi Rt.,0,3,3,,,,,,,
Frissbeton Kft.,0,3,3,,,,,,,
Dorothea Hotel Szállodaüzemeltető Zrt.,0,3,3,,,,,,,
Kime-Net Számítástechnikai Kft.,0,3,3,,,,,,,
Kunbaja Község Önkormányzata,0,3,3,,,,,,,
Körösök Kincse Természetvédelmi Rekreációs és Szabadidősport Egyesület,0,3,3,,,,,,,
L L Mérnöki Iroda,0,3,3,,,,,,,
Green Plan Center Oktatási Szolgáltató és Kereskedelmi Kft.,0,3,3,,,,,,,
Betonpartner Kft.,0,3,3,,,,,,,
Frizbi Entertainmet Kft.,0,3,3,,,,,,,
OTP Befektetési Ingatlanforgalmazási Zrt.,0,3,3,,,,,,,
Természet- és Társadalombarát Fejlödésért Közalapítvány,0,3,3,,,,,,,
Budapest Főváros VIII. kerület Önkormányzata,0,3,3,,,,,,,
Tiberis Digital Kft.,0,3,3,,,,,,,
Kistelek Város Önkormányzata,0,3,3,,,,,,,
Szeretem a Városom Egyesület,0,3,3,,,,,,,
Dráva Kalász Kft.,0,3,3,,,,,,,
Thermal-Fürdő Kft.,0,3,3,,,,,,,
T-W SYSTEM Kft.,0,3,3,,,,,,,
Dembi 26. Kft.,0,3,3,,,,,,,
Balatonakarattya Község Önkormányzata,0,3,3,,,,,,,
Klotild kft.,0,3,3,,,,,,,
Szálka Önkormányzata,0,3,3,,,,,,,
Svábhegyi Villa Kft.,0,2,2,,,,,,,
Dohányker Kft.,0,2,2,,,,,,,
Telnan Invest SL,0,2,2,,,,,,,
Gótikus Ház Szolgáltató Kft.,0,2,2,,,,,,,
Barcsi Turisztikai,0,2,2,,,,,,,
Tanulmányi Állami Erdőgazdaság Zrt.,0,2,2,,,,,,,
Balmazújváros FC,0,2,2,,,,,,,
Tegyünk Egymásért Kulturális és Szabadidős Egyesület,0,2,2,,,,,,,
Szeretem Újbudát Lokálpatrióta Egyesület,0,2,2,,,,,,,
Kerepes Város Önkormányzata,0,2,2,,,,,,,
Balatonlelle Város Önkormányzata,0,2,2,,,,,,,
Balatonfűzfő Önkormányzata,0,2,2,,,,,,,
Kengyel Önkormányzata,0,2,2,,,,,,,
Sportfogadás,0,2,2,,,,,,,
Balatonboglár Város Önkormányzata,0,2,2,,,,,,,
H&T Kft.,0,2,2,,,,,,,
Kurdy Family Kft.,0,2,2,,,,,,,
Kecskeméti Animációs Kft.,0,2,2,,,,,,,
Baktalóránthaza Város Önkormányzata,0,2,2,,,,,,,
NP Nanga Parbat 17 Kft.,0,2,2,,,,,,,
Karácsond Község Önkormányzata,0,2,2,,,,,,,
Első Közép- és Kelet-európai Együttműködés Alapítvány,0,2,2,,,,,,,
Sopron Város Önkormányzata,0,2,2,,,,,,,
Sprintcamion Kft.,0,2,2,,,,,,,
Takarék Kockázati Tőkealap I.,0,2,2,,,,,,,
Belvárosi Pénzügyi Szolgáltató Zrt.,0,2,2,,,,,,,
Bayer Hungária Kft.,0,2,2,,,,,,,
Szentgotthárd Város Önkormányzata,0,2,2,,,,,,,
Nemzetközi Teqballszövetség,0,2,2,,,,,,,
Kométa '99 Zrt.,0,2,2,,,,,,,
Maimonidész Kft.,0,2,2,,,,,,,
Magyar Útépítő Kft.,0,2,2,,,,,,,
Szemere Bertalan Szakközépiskola Szakiskola és Kollégium,0,2,2,,,,,,,
Bonyhád Város Önkormányzata,0,2,2,,,,,,,
Nexius Zrt.,0,2,2,,,,,,,
Szolnoki Papírgyár,0,2,2,,,,,,,
Drávapiski község önkormányzata,0,2,2,,,,,,,
Natúré Experience SRL,0,2,2,,,,,,,
Gyémántfürt Mezőgazdasági Kft.,0,2,2,,,,,,,
Széchenyi 2020 Program,0,2,2,,,,,,,
Szegi Medical Kft.,0,2,2,,,,,,,
Kisoroszi Község Önkormányzata,0,2,2,,,,,,,
Színva 2001 Rt.,0,2,2,,,,,,,
Escort Védelmi Szolgáltató Kft.,0,2,2,,,,,,,
Envirotis Kft. Status Next Magántőkealap,0,2,2,,,,,,,
Nagytarcsa Önkormányzata,0,2,2,,,,,,,
Kossuth Holding Kft.,0,2,2,,,,,,,
Sárvár Város Önkormányzata,0,2,2,,,,,,,
Gilvánfa Község Önkormányzata,0,2,2,,,,,,,
Beruházó és Fejlesztő Zrt.,0,2,2,,,,,,,
Sóstó Hotel,0,2,2,,,,,,,
Belvárosi Rezidenciák Kft.,0,2,2,,,,,,,
Geosol Invest Kft.,0,2,2,,,,,,,
Szabadkígyós Önkormányzat,0,2,2,,,,,,,
Sz-Plast Ablak Kft.,0,2,2,,,,,,,
MTVA Jogi és Szerződéskezelő Iroda,0,2,2,,,,,,,
K.L. Kommunikációs Bt.,0,2,2,,,,,,,
N Nemzeti Futóverseny,0,2,2,,,,,,,
Zsadányi önkormányzat,0,2,2,,,,,,,
Zsadány Község Önkormányzata,0,2,2,,,,,,,
IDEÁLIS ÁRON Bt.,0,2,2,,,,,,,
Accor Pannonia Hotels Zrt.,0,2,2,,,,,,,
Acemil  Szállítmányozási Zrt.,0,2,2,,,,,,,
Zalahaláp Önkormányzata,0,2,2,,,,,,,
IFKA Iparfejlesztési Közhasznú Nonprofi Kft.,0,2,2,,,,,,,
Abádszalók önkormányzata,0,2,2,,,,,,,
ELI-HU Nonprofit Kft.,0,2,2,,,,,,,
Adriatic Hotel Invest Kft.,0,2,2,,,,,,,
IVG Kft.,0,2,2,,,,,,,
Yolle Kft.,0,2,2,,,,,,,
Ikarus Global Kft.,0,2,2,,,,,,,
EFM Kft.,0,2,2,,,,,,,
E.P.M. Kft.,0,2,2,,,,,,,
WSZL Szállítmányozási és Logisztikai Kft.,0,2,2,,,,,,,
INNOMED MEDICAL Zrt.,0,2,2,,,,,,,
Airport-Debrecen Repülőtér-üzemeltető Kft.,0,2,2,,,,,,,
Abaújlak Község Önkormányzata,0,2,2,,,,,,,
Ház a Szervita téren Zrt.,0,2,2,,,,,,,
Újbuda Smart 11 NKft.,0,2,2,,,,,,,
Humánswot kft.,0,2,2,,,,,,,
Öcsöd Község Önkormányzata,0,2,2,,,,,,,
Hungarian Busz Zrt.,0,2,2,,,,,,,
Hungary Immigration Consulting Ltd.,0,2,2,,,,,,,
Hungary Sunwoda Automative Energy Technology Kft.,0,2,2,,,,,,,
A Mi Városunk Egyesület,0,2,2,,,,,,,
greendex.hu,0,2,2,,,,,,,
Hortobágy Consulting Kft.,0,2,2,,,,,,,
Értünk Értetek (párt),0,2,2,,,,,,,
Miller-Oil Kft.,0,2,2,,,,,,,
Minaro Hotel Kft.,0,2,2,,,,,,,
ANV Management Kft.,0,2,2,,,,,,,
Minerva Kft.,0,2,2,,,,,,,
EXIM Exportösztönző Magántőkealap,0,2,2,,,,,,,
ATEVSZOLG Innovációs és Szolgáltató Rt.,0,2,2,,,,,,,
Észak-Dunántúli Vízmű Zrt.,0,2,2,,,,,,,
BUNO Vendéglátóipari Kft.,0,2,2,,,,,,,
Airterminal Development Corporation,0,2,2,,,,,,,
Herceg Eszterházy Miklós Szakképző Iskola,0,2,2,,,,,,,
Hajdú-Bihar Megyei Kormhivatal Munkavédelmi és Munkaügyi Szakig Szerv,0,2,2,,,,,,,
Jókai 6. Zrt.,0,2,2,,,,,,,
Márvány Vagyonkezelő Alapítvány,0,2,2,,,,,,,
Jóléti Magyarországot Párt,0,2,2,,,,,,,
Dunaújvárosi Víz- Csatorna- és Hőszolgáltató Kft.,0,2,2,,,,,,,
Józsefváros Közösségeiért Nonprofit Kft.,0,2,2,,,,,,,
Társadalmi Megújulás Operatív Program (TÁMOP),0,2,2,,,,,,,
Jász-Nagykun-Szolnok megyei Főügyészség,0,2,2,,,,,,,
Solus Capital Kockázati Tőkealap-kezelő Zrt.,0,2,2,,,,,,,
Max&Future.,0,2,2,,,,,,,
Egy-Másért Ifjúsági és Közösségfejlesztési Egyesület,0,2,2,,,,,,,
TulipánTündér Produkciós Nonprofit Kft.,0,2,2,,,,,,,
Maros Projekt Kft.,0,2,2,,,,,,,
Trendex Zrt.,0,2,2,,,,,,,
Trend-Prognózis Rt.,0,2,2,,,,,,,
BDL Környezetvédelmi,0,2,2,,,,,,,
Autó-Hild,0,2,2,,,,,,,
Informatikai és Technológiai Innovációs Park (ITIP) Rt.,0,2,2,,,,,,,
Aquamarin Szállodaipari Kft,0,2,2,,,,,,,
Antall és Társai Ügyvédi Iroda,0,2,2,,,,,,,
Alfa 2020 Zrt.,0,2,2,,,,,,,
Alföldi Dohánytermelő Szövetkezet (ADOSZ),0,2,2,,,,,,,
Váltó-4 Libra Kft.,0,2,2,,,,,,,
InnoByte Zrt.,0,2,2,,,,,,,
Vizsoly Önkormányzata,0,2,2,,,,,,,
Határok Nélküli Gyógyításért Nkft.,0,2,2,,,,,,,
Inter-Metal Zrt.,0,2,2,,,,,,,
Jász-Nagykun-Szolnok Megye Önkormányzata,0,2,2,,,,,,,
Mosonmagyaróvári Geotermikus Rendszer Beruházó Fejlesztő és Szolgáltató Kft.,0,2,2,,,,,,,
Eger Labdarúgó Sport Kft,0,2,2,,,,,,,
Vecsés Város Önkormányzata,0,2,2,,,,,,,
Izsák Önkormányzata,0,2,2,,,,,,,
J+D 98 Kft.,0,2,2,,,,,,,
VEHIR.HU,0,2,2,,,,,,,
Angóra Kft.,0,2,2,,,,,,,
Hajdúszoboszló város önkormányzata,0,2,2,,,,,,,
International Bullion Metall Brokers (IBB) Kft.,0,2,2,,,,,,,
Diósd Város Vízközmű-Társulat,0,2,2,,,,,,,
Naturaqua Környezetvédelmi Zrt.,0,2,2,,,,,,,
Budapest-Tv,0,2,2,,,,,,,
Közösen a Régió Fejlődéséért Egyesület,0,2,2,,,,,,,
Pápa Város Önkormányzata,0,2,2,,,,,,,
Café PR-konzorcium,0,2,2,,,,,,,
Londoni Magyar Ház,0,2,2,,,,,,,
SGHTHERMÁL Kft.,0,2,2,,,,,,,
Lányi Anita Építészeti Stúdió Kft.,0,2,2,,,,,,,
Föld napja Alapítvány,0,2,2,,,,,,,
Propack Kft.,0,2,2,,,,,,,
CZECZ Közép-Európai Kft.,0,2,2,,,,,,,
Darisma Invesments  Ltd.,0,2,2,,,,,,,
SOKK Egyesület,0,2,2,,,,,,,
Crealive Kft.,0,2,2,,,,,,,
Progress Étteremhálózat Kft.,0,2,2,,,,,,,
Debreceni Koronglövõ Egyesület,0,2,2,,,,,,,
Progress Alapítvány,0,2,2,,,,,,,
STÚDIÓ-V Kft.,0,2,2,,,,,,,
Pro Média Alapítvány,0,2,2,,,,,,,
Cretum Gmbh,0,2,2,,,,,,,
Demecser Város Önkormányzata,0,2,2,,,,,,,
Primus Trust Kft.,0,2,2,,,,,,,
Magyar E-sport Szövetség (Hunesz),0,2,2,,,,,,,
Odu Storre Kft.,0,2,2,,,,,,,
PortfoLion Capital Partners,0,2,2,,,,,,,
Pétervására Város Önkormányzata,0,2,2,,,,,,,
Pócsmegyer Település Önkormányzata,0,2,2,,,,,,,
Debreceni Vasutas SC (DVSC),0,2,2,,,,,,,
Licenseport Zrt.,0,2,2,,,,,,,
ReoCo Value Added Ingatlanalap,0,2,2,,,,,,,
Lawand Mérnöki Iroda kft.,0,2,2,,,,,,,
Degremont S.A.,0,2,2,,,,,,,
Rayrai Thai Massage Szolgáltató Kft.,0,2,2,,,,,,,
Food Friends Kereskedelmi és Szolgáltató Kft.,0,2,2,,,,,,,
Foreseen Construct Kft.,0,2,2,,,,,,,
Rampart Gasztronómia Kft.,0,2,2,,,,,,,
EuroAWK Kft.,0,2,2,,,,,,,
Online Marketing Hálózat Egyesület,0,2,2,,,,,,,
Fradi Biztonsági Szolgálat Kft.,0,2,2,,,,,,,
Magyar Parlamenti Imacsoport Alapítvány,0,2,2,,,,,,,
Castor Rex Plus Kft.,0,2,2,,,,,,,
Rómaifürdő Telep Egyesület,0,2,2,,,,,,,
Rabbiház Kft.,0,2,2,,,,,,,
RVF Rt.,0,2,2,,,,,,,
RUN-IT Kft.,0,2,2,,,,,,,
First Capital Invest Ltc.,0,2,2,,,,,,,
Quantis-csoport,0,2,2,,,,,,,
Lockhead,0,2,2,,,,,,,
L'azar Advisory Kft.,0,2,2,,,,,,,
Főkefe Nonprofit Zrt.,0,2,2,,,,,,,
Progress Media Hungary Kft.,0,2,2,,,,,,,
Petruzalek Kft.,0,2,2,,,,,,,
MOM Szent Magdolna Magánkórház Kft.,0,2,2,,,,,,,
Pest Megyei Katasztrófavadelmi Igazgatóság,0,2,2,,,,,,,
GKA Invest Kft.,0,2,2,,,,,,,
Csongrád Megyei Földhivatal,0,2,2,,,,,,,
Penta Investmens,0,2,2,,,,,,,
Diagnosticium Rt.,0,2,2,,,,,,,
Magy Község Önkormányzata,0,2,2,,,,,,,
Dalnoki Sport Kft.,0,2,2,,,,,,,
Diamon-Build Kft.,0,2,2,,,,,,,
Esélyt az Ifjúságnak Alapítvány,0,2,2,,,,,,,
FND Camping Kft.,0,2,2,,,,,,,
Demokrata Párt (USA),0,2,2,,,,,,,
Nyizsnyij Novgorod-i Atomenergoproekt,0,2,2,,,,,,,
Petruzalek Gmbh,0,2,2,,,,,,,
Peter Peter & Partners Kft.,0,2,2,,,,,,,
FBSN Agrár Management Kft.,0,2,2,,,,,,,
Csíki Sör Manufaktura,0,2,2,,,,,,,
Exedra Kivitelező Tervező Kft.,0,2,2,,,,,,,
Dex Futuro Kft.,0,2,2,,,,,,,
Csokonyavisonta Község Önkormányzata,0,2,2,,,,,,,
DFP-Parking Kft.,0,2,2,,,,,,,
CBA Informatikai és Befektetési Tanácsadó Kft.,0,2,2,,,,,,,
Soldus Development Ingatlanfejlesztő Kft.,0,2,2,,,,,,,
Béta 2020 Zrt.,0,2,2,,,,,,,
G-Módusz Kft.,0,2,2,,,,,,,
Csillaghegyi Árpád Forrásfürdő,0,2,2,,,,,,,
Eszterháza Kulturális,0,2,2,,,,,,,
Scuderia SA Kft.,0,2,2,,,,,,,
Perfekt Gazdasági Tanácsadó Oktató és Kiadó Zrt.,0,2,2,,,,,,,
MFB-Csoport,0,2,2,,,,,,,
Bátorfi és Társa Fogászati Zrt.,0,2,2,,,,,,,
Kétpó Önkormányzata,0,2,2,,,,,,,
Budapest Főváros XVI. kerület Önkormányzata,0,1,1,,,,,,,önkormányzat bp
Budapest Főváros XX. kerület Önkormányzata (Pesterzsébet),0,1,1,,,,,,,önkormányzat bp
EMEL Épkerszolg Kft.,0,1,1,,,,,,,
Mező Vidék Bt,0,1,1,,,,,,,
Merian Zrt.,0,1,1,,,,,,,
Meredith Trust Bizalmi Vagyonkezelő,0,1,1,,,,,,,
Mentorátor Alapítvány,0,1,1,,,,,,,
Melea The Health Concept Hotel,0,1,1,,,,,,,
Mektec Manufacturing Corporation Europe HU Kft.,0,1,1,,,,,,,
Mekas Bt.,0,1,1,,,,,,,
Megújuló támogatási rendszer (METÁR),0,1,1,,,,,,,
Mező-unió Kft.,0,1,1,,,,,,,
Medix 2000 Kft.,0,1,1,,,,,,,
Medich-Technic &Advising Kft.,0,1,1,,,,,,,
Medicatus Kft.,0,1,1,,,,,,,
Media-Vivantis Kft.,0,1,1,,,,,,,
Media Fundamentum Kft.,0,1,1,,,,,,,
Medgyesegyháza Nagyközség Önkormányzata,0,1,1,,,,,,,
Mazarrón Park,0,1,1,,,,,,,
MaxWhere Solutions Zrt.,0,1,1,,,,,,,
Marquard Group Hungary,0,1,1,,,,,,,
Medipredict Kft.,0,1,1,,,,,,,
Mezőkeresztes Nagyközség Önkormányzata,0,1,1,,,,,,,
Mezőpanel Rt.,0,1,1,,,,,,,
Mezőszermere Község Önkormányzata,0,1,1,,,,,,,
Mosonmagyaróvári KC (kézilabda),0,1,1,,,,,,,
Mortimer Hungária Kft.,0,1,1,,,,,,,
Morinari Kft.,0,1,1,,,,,,,
Morex 93 Kft.,0,1,1,,,,,,,
Monori Center,0,1,1,,,,,,,
Mohácsi Tankerületi Központ,0,1,1,,,,,,,
Mohács-Hő Hőszolgáltató Kft.,0,1,1,,,,,,,
Mogyoród Nagyközség Önkormányzata,0,1,1,,,,,,,
Modul Bake Kft.,0,1,1,,,,,,,
Mocsa Öregtó Kft.,0,1,1,,,,,,,
Miénk a Grund Városvédő Egyesület,0,1,1,,,,,,,
Miskolci Városi Közlekedési Rt.,0,1,1,,,,,,,
Miskolci Kommunikációs Kht. (MiKom),0,1,1,,,,,,,
Miskolci Jegesmedve Jégkorong Egyesület,0,1,1,,,,,,,
Miskolc Mini Mill,0,1,1,,,,,,,
Mininvest Zrt.,0,1,1,,,,,,,
Minerva Tanácsadó Kft.,0,1,1,,,,,,,
Mindent a Cigányokért Fórum Párt,0,1,1,,,,,,,
Millennium Vagyonkezelő és Befektető Rt.,0,1,1,,,,,,,
Marosi Media Bt.,0,1,1,,,,,,,
Multi-Bello Vagyonvédelmi és Szolgáltató Kft.,0,1,1,,,,,,,
Marketing Hype Services Kft.,0,1,1,,,,,,,
Markersmarket.xyz Kft.,0,1,1,,,,,,,
Magyar Pénzváltók Országos Egyesülete,0,1,1,,,,,,,
Magyar Minőségi Oktatásért Nonprofit Kft.,0,1,1,,,,,,,
Magyar Megújulás Párt,0,1,1,,,,,,,
Magyar Kép és Hang Szolgáltató Rt.,0,1,1,,,,,,,
Magyar Konjunktúra Kft.,0,1,1,,,,,,,
Magyar Ipari Park Holding Zrt.,0,1,1,,,,,,,
Magyar Igazságért a Jobb Magyarországért Alapítvány,0,1,1,,,,,,,
Magyar Bormarketing Ügynökség,0,1,1,,,,,,,
Magyar Reklám Szövetség,0,1,1,,,,,,,
Magyar Bormarketing Stratégia,0,1,1,,,,,,,
MagNet Befektetési Alapkezelő Zrt.,0,1,1,,,,,,,
Made in Design Bt.,0,1,1,,,,,,,
MVM EGI Zrt.,0,1,1,,,,,,,
MSB Vision Kft.,0,1,1,,,,,,,
MSB Ventures Kft.,0,1,1,,,,,,,
MSB Publishing Kft.,0,1,1,,,,,,,
MSB Horizon Kft.,0,1,1,,,,,,,
MP-Rosi Kft.,0,1,1,,,,,,,
Magashegyi Underground,0,1,1,,,,,,,
Magyar Rendezvényirodák Szövetsége Egyesület,0,1,1,,,,,,,
Magyar Révhajósok Egyesülete,0,1,1,,,,,,,
Magyar Strat-Gamma Zrt.,0,1,1,,,,,,,
Mariposa II. Részalap,0,1,1,,,,,,,
Mariposa I. Részalap,0,1,1,,,,,,,
Marinus kft.,0,1,1,,,,,,,
Marcali Város Önormányzata,0,1,1,,,,,,,
Marcali Szálloda Kft.,0,1,1,,,,,,,
Mallbeck Consulting Kft.,0,1,1,,,,,,,
Mall Invest Zrt.,0,1,1,,,,,,,
Makhteshim Agan Hungary Zrt.,0,1,1,,,,,,,
Majdnem Menyasszony Kft.,0,1,1,,,,,,,
Mahart Container Center Kft.,0,1,1,,,,,,,
Magyarpolány Önkormányzata,0,1,1,,,,,,,
Magyar7 hetilap,0,1,1,,,,,,,
Magyar Turizmus Akadémia,0,1,1,,,,,,,
Magyar Turisztikai Program Alapítvány,0,1,1,,,,,,,
Magyar Turisztikai Minőségtanúsító Testület (MTMT) Nonprofit Kft.,0,1,1,,,,,,,
Magyar Turisztikai Akadémia,0,1,1,,,,,,,
Magyar Templomfelújítási Program,0,1,1,,,,,,,
Magyar Szövetség (Szlovákia),0,1,1,,,,,,,
Magyar Sziget,0,1,1,,,,,,,
Market Generál S.l.r.,0,1,1,,,,,,,
MP Europa Kft.,0,1,1,,,,,,,
Multi-Zone Kft.,0,1,1,,,,,,,
Music Merchant Kft.,0,1,1,,,,,,,
Ormai Kft.,0,1,1,,,,,,,
Orfeo Zenekar,0,1,1,,,,,,,
Opus Finance Future,0,1,1,,,,,,,
Opus E-line Kft.,0,1,1,,,,,,,
Optimum Detail Kft.,0,1,1,,,,,,,
Online PR Bt.,0,1,1,,,,,,,
Omnium Consensu Kft.,0,1,1,,,,,,,
OPRE Média Szolgáltató Bt.,0,1,1,,,,,,,
Orosházi Városüzemeltetési és Szolgáltató Zrt.,0,1,1,,,,,,,
OLC Hungary Kft.,0,1,1,,,,,,,
Népművészeti Egyesületek Szövetsége,0,1,1,,,,,,,
Nádor Corner 2008 Szolgáltató Kft.,0,1,1,,,,,,,
Nyírség Hasso Kft.,0,1,1,,,,,,,
Nyírpilis Község Önkormányzata,0,1,1,,,,,,,
Nyírmada Község Önkormányzata,0,1,1,,,,,,,
Nyírkércs Önkormányzat,0,1,1,,,,,,,
Nyíregyházi Tankerületi Központ,0,1,1,,,,,,,
Nyíregyháza Spartacus,0,1,1,,,,,,,
Nógrádi Média Kiadói Kft.,0,1,1,,,,,,,
Orosz–Magyar Baráti Társaság,0,1,1,,,,,,,
Országgyűlés igazságügyi bizottsága,0,1,1,,,,,,,
Országgyűlés törvényalkotási bizottsága,0,1,1,,,,,,,
Pannon Liver Kft.,0,1,1,,,,,,,
Pannon Információbiztonsági Központ (PIK),0,1,1,,,,,,,
Pannon Füszért Kft.,0,1,1,,,,,,,
Pannon Equity Zrt.,0,1,1,,,,,,,
Pannon Alfa Kft.,0,1,1,,,,,,,
Panel Invest Kft.,0,1,1,,,,,,,
Panda Investments Ltd.,0,1,1,,,,,,,
Palotai Vámügynök Kft.,0,1,1,,,,,,,
Pacsa Város Önkormányzata,0,1,1,,,,,,,
Pack Up Company Kft.,0,1,1,,,,,,,
PTE Politechnika Kutató,0,1,1,,,,,,,
PSP Hungária Kft.,0,1,1,,,,,,,
PRimary Média Szolgáltató Kft.,0,1,1,,,,,,,
PLazmontech,0,1,1,,,,,,,
P4R Digital Agency,0,1,1,,,,,,,
OÁSZ Kft.,0,1,1,,,,,,,
Országos Társadalombiztosítási Főigazgatóság,0,1,1,,,,,,,
Országos Környezeti Kármentesítési Program,0,1,1,,,,,,,
Országos Igazságszolgáltatási Tanács (OIT),0,1,1,,,,,,,
Nyírbéltek Nagyközség Önkormányzata,0,1,1,,,,,,,
Munkaerőpiacon Maradás Egyesület,0,1,1,,,,,,,
Nyíradony Város Önkormányzata,0,1,1,,,,,,,
Nuvum Kft.,0,1,1,,,,,,,
Nagykálló Önkormányzata,0,1,1,,,,,,,
Nagykondai Öntözési Kft.,0,1,1,,,,,,,
Nagyferó Produkciós Kft.,0,1,1,,,,,,,
Nagyerdei Kultúrpark,0,1,1,,,,,,,
NIO Power Europe Kft.,0,1,1,,,,,,,
NET Média Zrt.,0,1,1,,,,,,,
NAV Bács-Kiskun megyei igazgatósága,0,1,1,,,,,,,
N3 Kommunikációs,0,1,1,,,,,,,
Nagymester-csoport,0,1,1,,,,,,,
N. Market Kft.,0,1,1,,,,,,,
Mészkemence Kft.,0,1,1,,,,,,,
Mélykút Önkormányzata,0,1,1,,,,,,,
Média Tensor Print Kft.,0,1,1,,,,,,,
Mátyás és Partnere Kft.,0,1,1,,,,,,,
Mátra Bio Kft.,0,1,1,,,,,,,
Márai Sándor Közhasznú Kulturális Közalapítvány,0,1,1,,,,,,,
MÁV-East Kft.,0,1,1,,,,,,,
MÁV Területi Ingatlanhasznosítási Központ,0,1,1,,,,,,,
Mészáros Sándor és Társai Ügyvédi Iroda,0,1,1,,,,,,,
Natura Hill Zebegény,0,1,1,,,,,,,
Natural Gas,0,1,1,,,,,,,
Nebuló-Meló Diákmunka Szervező Kft.,0,1,1,,,,,,,
Novák és társai Ügyvédi Iroda,0,1,1,,,,,,,
Novum Guard Kft.,0,1,1,,,,,,,
Nospen 2015 Kft.,0,1,1,,,,,,,
Noir et L'or Kft.,0,1,1,,,,,,,
Nofretete Kft.,0,1,1,,,,,,,
Noel-Bau Kft.,0,1,1,,,,,,,
Noa Kft.,0,1,1,,,,,,,
No Tolerance Zrt.,0,1,1,,,,,,,
New Place Investment LTD,0,1,1,,,,,,,
New Media Group,0,1,1,,,,,,,
New Gate Hungary Kft.,0,1,1,,,,,,,
Neszmélyi Borút Egyesület,0,1,1,,,,,,,
Neo-Tax Kft.,0,1,1,,,,,,,
Nemzetpolitikáért Felelős Államtitkárság,0,1,1,,,,,,,
Nemzetközi Gyermekmentő Szolgálat (NGYSZ),0,1,1,,,,,,,
Nemzeti Tehetséggondozó Kft.,0,1,1,,,,,,,
Nemzeti Reorganizációs Nonprofit Zrt.,0,1,1,,,,,,,
Nemzeti Gaming és Esport Sportági Szövetség,0,1,1,,,,,,,
Nektárplast Műanyagfeldolgozó Élelmiszercsomagoló és Kereskedelmi Kft.,0,1,1,,,,,,,
Nyak-Ép Építőipari Szolgáltató Kft.,0,1,1,,,,,,,
MNB Jóléti Humán Szolgáltató és Üzemeltető Kft.,0,1,1,,,,,,,
MKB-Euro­leasing Autópark Zrt.,0,1,1,,,,,,,
MKB Pannónia Alapkezelő Zrt.,0,1,1,,,,,,,
Karl Verasztó Bleyer Ügyvédi Iroda,0,1,1,,,,,,,
Karinthy Színház,0,1,1,,,,,,,
Karamell-Ingatlan Zrt.,0,1,1,,,,,,,
Kaposvári Turisztikai Marketing Nonprofit Kft.,0,1,1,,,,,,,
Kaposvári Rendőrfőkapitányság,0,1,1,,,,,,,
Kaposvári Kosárlabda Klub,0,1,1,,,,,,,
Kaposszerdahely Önkormányzata,0,1,1,,,,,,,
Kalocsai Mezőgazdasági Kft.,0,1,1,,,,,,,
Katolikus Egyetemisták és Főiskolások Egyesülete,0,1,1,,,,,,,
Kalanog Agro Kft,0,1,1,,,,,,,
KELI-MEZŐ Mezőgazdasági Kft.,0,1,1,,,,,,,
KBKB Alapkezelő Zrt.,0,1,1,,,,,,,
KARÁT Kereskedelmi Kft.,0,1,1,,,,,,,
K.V.B. Autoital Bt.,0,1,1,,,,,,,
K. Kert 2000 Kft.,0,1,1,,,,,,,
Józsefvárosi Gazdálkodási Központ (JGK) Kft.,0,1,1,,,,,,,
Józsa András Kórház,0,1,1,,,,,,,
Jólét Párt,0,1,1,,,,,,,
KL-Bau Trade Kft.,0,1,1,,,,,,,
Kelet-európai Utógondozottakért és Lakóotthonokban Lakókért Alapítvány,0,1,1,,,,,,,
Kemse Község Önkormányzata,0,1,1,,,,,,,
KfW Development Bank,0,1,1,,,,,,,
Üzbég–Magyar Burgonyakutató Központ,0,1,1,,,,,,,
Kobza Miklós Alapítvány,0,1,1,,,,,,,
Klíma-Vill Kft.,0,1,1,,,,,,,
Kligl Kft.,0,1,1,,,,,,,
Klesics és Tuller Ügyvédi iroda,0,1,1,,,,,,,
Klau-Bau Kft.,0,1,1,,,,,,,
Kisvárosunkért Egyesület,0,1,1,,,,,,,
Kisvárdai Tankerületi Központ,0,1,1,,,,,,,
Kisvárdai Közösségi Felsőoktatási Képzési Központ,0,1,1,,,,,,,
Kisköre Város Önkormányzata,0,1,1,,,,,,,
Kiskutas Önkormányzata,0,1,1,,,,,,,
Kiskunmajsa Város Önkormányzata,0,1,1,,,,,,,
Kiskunhalasi Állatvédő és Természetbarát Egyesület,0,1,1,,,,,,,
Kiskun-Trade Kft.,0,1,1,,,,,,,
Kisdér község Önkormányzata,0,1,1,,,,,,,
Kiscsécs Önkormányzata,0,1,1,,,,,,,
Király és Novotny Kft.,0,1,1,,,,,,,
Király Ház Kft.,0,1,1,,,,,,,
Király 21 Kft.,0,1,1,,,,,,,
Jó itt élni! Lokálpatrióta,0,1,1,,,,,,,
Kompolt Önkormányzata,0,1,1,,,,,,,
Jásztér Gazdaságfejlesztő Zrt.,0,1,1,,,,,,,
Jánossomorja Város Önkormányzata,0,1,1,,,,,,,
ImmoRegalis Kft.,0,1,1,,,,,,,
Ilber Bt.,0,1,1,,,,,,,
Ifjúsági Információs Alapítvány,0,1,1,,,,,,,
IMI 95 Kft.,0,1,1,,,,,,,
IKSZ (Ifjú Kereszténydemokrata Szövetség),0,1,1,,,,,,,
IBC Real Estate,0,1,1,,,,,,,
IBC Projekt Gazdasági Tanácsadó Kft.,0,1,1,,,,,,,
I.C.I.C.,0,1,1,,,,,,,
InStore Media Reklám Kereskedelmi és Szolgáltató KKft,0,1,1,,,,,,,
Hátrányos Helyzetűek Felzárkóztatásáért Szociális Szövetkezet,0,1,1,,,,,,,
Huxa Kft.,0,1,1,,,,,,,
Huszár '99 Kft.,0,1,1,,,,,,,
Hungária Média Kft.,0,1,1,,,,,,,
Hungária Biztosítási Alkusz,0,1,1,,,,,,,
Hunguest Management Kft.,0,1,1,,,,,,,
Hungerit Holding kft.,0,1,1,,,,,,,
Hungast Management Kft.,0,1,1,,,,,,,
Hungaropec Zrt.,0,1,1,,,,,,,
HÍD TRANSZ Kft.,0,1,1,,,,,,,
Indalabs Zrt.,0,1,1,,,,,,,
Influencer Marketing Hub,0,1,1,,,,,,,
Infocopy Kft.,0,1,1,,,,,,,
Judo Sped Kft.,0,1,1,,,,,,,
JUHÁSZ Kereskedelmi és Szolgáltató Korlátolt Felelősségű Társaság,0,1,1,,,,,,,
Iskola Alapítvány (Románia),0,1,1,,,,,,,
Ipoteka Bank,0,1,1,,,,,,,
Ipari és Építési Bank,0,1,1,,,,,,,
Ipargazdasági Kutató és Tanácsadó Kft.,0,1,1,,,,,,,
Investsys-Europe,0,1,1,,,,,,,
Intermezzo Kft.,0,1,1,,,,,,,
InterWatt kft.,0,1,1,,,,,,,
Inter-Tefu Kft.,0,1,1,,,,,,,
Inter Tan-ker Kft.,0,1,1,,,,,,,
Insurance Partner Kft.,0,1,1,,,,,,,
Innovatív Térburkolatfejlesztő Kft.,0,1,1,,,,,,,
Innotica Kft.,0,1,1,,,,,,,
Innoscitech Innovációs Kutatási és Építőipari Kft.,0,1,1,,,,,,,
Innocore Vision Kft.,0,1,1,,,,,,,
Inhalo DSI Hungary Kft,0,1,1,,,,,,,
Ingatlan Gyám 2019 Kft.,0,1,1,,,,,,,
Információs Társadalomért Alapítvány,0,1,1,,,,,,,
Jász-Ház Szalon Kft.,0,1,1,,,,,,,
Kondoros Város Önkormányzata,0,1,1,,,,,,,
Kongsberg Hungária Kft.,0,1,1,,,,,,,
Konráth Kft.,0,1,1,,,,,,,
Linmor Consultans,0,1,1,,,,,,,
Lilongwe Property Kft.,0,1,1,,,,,,,
Levine Trading Ltd.,0,1,1,,,,,,,
Leveleki Tó Kft.,0,1,1,,,,,,,
Leunen Kft.,0,1,1,,,,,,,
Lengyeltóti Város Önkormányzata,0,1,1,,,,,,,
Lanzarone Zrt.,0,1,1,,,,,,,
Lake Park Hotel Kft.,0,1,1,,,,,,,
Lipót Önkormányzata,0,1,1,,,,,,,
Ladánybene FC,0,1,1,,,,,,,
LS Group Hungary Kft.,0,1,1,,,,,,,
LP Invest Kft.,0,1,1,,,,,,,
LN City Center Kft.,0,1,1,,,,,,,
LG Toray Hungary Kft.,0,1,1,,,,,,,
LG Philips Displays,0,1,1,,,,,,,
LFS Vagyonkezelő Kft.,0,1,1,,,,,,,
LABEL-84 Kft.,0,1,1,,,,,,,
L.A. Multi-Zone Kft.,0,1,1,,,,,,,
Lacházi Kavicsbánya Kft.,0,1,1,,,,,,,
Litér Önkormányzata,0,1,1,,,,,,,
Logintech Consulting Kft.,0,1,1,,,,,,,
Loginvest Zrt.,0,1,1,,,,,,,
MKB Cycling Team,0,1,1,,,,,,,
MIND-HÚS Kft.,0,1,1,,,,,,,
MHB Vagyonkezelő Kft.,0,1,1,,,,,,,
MHB Partners Vagyonkezelő Kft.,0,1,1,,,,,,,
MFB Növekedési Tőkealap,0,1,1,,,,,,,
MENTOR-TEXT Kereskedelmi és Szolgáltató Kft.,0,1,1,,,,,,,
MEH Nemzeti Területgejlesztési Hivatal,0,1,1,,,,,,,
MEFTER Kft.,0,1,1,,,,,,,
MCN Immo Kft.,0,1,1,,,,,,,
MB-AUTO Pécs Kft.,0,1,1,,,,,,,
MB-AUTO Magyarország Kft.,0,1,1,,,,,,,
MATE Tangazdaság Nonprofit Kft.,0,1,1,,,,,,,
MAF-East Kft.,0,1,1,,,,,,,
M1 Autó Planet Kft.,0,1,1,,,,,,,
L’Art-Classic Kft.,0,1,1,,,,,,,
Luso-Pannon European Venture Capital,0,1,1,,,,,,,
Lovaglással az Egészségért Kiskőrösi Lovas Egyesület,0,1,1,,,,,,,
Lorinvest,0,1,1,,,,,,,
Logiscool Kft.,0,1,1,,,,,,,
L+L Kft.,0,1,1,,,,,,,
KözösÜgyünk Nonprofit Kft.,0,1,1,,,,,,,
Középpont Média Kft.,0,1,1,,,,,,,
Közép-Pesti Tankerületi Központ,0,1,1,,,,,,,
Kurucz Agro Kft.,0,1,1,,,,,,,
Kulturális Diplomáciáért Felelős Helyettes Államtitkárság,0,1,1,,,,,,,
Krónika (Románia),0,1,1,,,,,,,
Krug Hungary Kft.,0,1,1,,,,,,,
Krosnow Property Kft.,0,1,1,,,,,,,
Kreatív Flotta Kft.,0,1,1,,,,,,,
Krasznai Consulting Kft.,0,1,1,,,,,,,
Kovács Lóránd Ügyvédi Iroda,0,1,1,,,,,,,
Kovács K. Zoltán Alapítván,0,1,1,,,,,,,
Kos és Bika Bt.,0,1,1,,,,,,,
Koronás-Szarvas Kft.,0,1,1,,,,,,,
Korona 97 Kft.,0,1,1,,,,,,,
Kormányzati Értesítési Rendszer,0,1,1,,,,,,,
Kopaszhegyi Ház Kft.,0,1,1,,,,,,,
Kooperatív Technológiák Nemzeti Laboratórium (KTNL),0,1,1,,,,,,,
Kontirex Kft.,0,1,1,,,,,,,
Kontakt-Mobil Zrt.,0,1,1,,,,,,,
Konstantin Karát,0,1,1,,,,,,,
Konsept-H Könyvkiadó Kft.,0,1,1,,,,,,,
Kurucz Farm Kft.,0,1,1,,,,,,,
Pannon Térség Fejlesztéséért Nonprofit Kft.,0,1,1,,,,,,,
KÖKI-Innováció Kft.,0,1,1,,,,,,,
Kápolnásnyék Önkormányzata,0,1,1,,,,,,,
Közép-Európa Alfa Kft.,0,1,1,,,,,,,
Köz-tér-ház Kft.,0,1,1,,,,,,,
Körösszakál Község Önkormányzata,0,1,1,,,,,,,
Köröm Község Önkormányzata,0,1,1,,,,,,,
Környezet és Természetvédelem (SOKK) Egyesület,0,1,1,,,,,,,
Körmend Város Önkormányzata,0,1,1,,,,,,,
Königsberg Consulting Szolgáltató és Tanácsadó Kft.,0,1,1,,,,,,,
Kóser Piac Kft.,0,1,1,,,,,,,
Kóser Közösségi Üdültetési Kft.,0,1,1,,,,,,,
Kóser Egészségügyi Szolgáltató Kft.,0,1,1,,,,,,,
Kézilabda Utánpótlás Sport Kft,0,1,1,,,,,,,
Képzési és Vidékfejlesztési Intézet,0,1,1,,,,,,,
Kászó Zrt.,0,1,1,,,,,,,
Kárpát‐medencei Tehetséggondozó Nonprofit Kft.,0,1,1,,,,,,,
Kárpátia Borház Kft.,0,1,1,,,,,,,
Kárpáti Gasztronómia Kft.,0,1,1,,,,,,,
Kárpátaljai Beruházási Kft.,0,1,1,,,,,,,
Kárpát-medence Intézet Nonprofit Kft,0,1,1,,,,,,,
Kápátok Művészeti és Kulturális Egyesület,0,1,1,,,,,,,
Káli Kövek Közhasznú Alapítvány,0,1,1,,,,,,,
HunPartner Kft.,0,1,1,,,,,,,
Patkó Lovas és Szabadtéri Színház,0,1,1,,,,,,,
Patrióta Edelény Alapítvány,0,1,1,,,,,,,
Tulipan Holdings N.V.,0,1,1,,,,,,,
TritonLife Ingatlan Kft.,0,1,1,,,,,,,
Trinec Property Kft.,0,1,1,,,,,,,
Trident Trust,0,1,1,,,,,,,
Tricsók Kft.,0,1,1,,,,,,,
Trend-Four-T Kft,0,1,1,,,,,,,
Tranz-Action Kft.,0,1,1,,,,,,,
Transzplantációs Klinika,0,1,1,,,,,,,
Tungsram Germany GmbH.,0,1,1,,,,,,,
Transit Speed Kft.,0,1,1,,,,,,,
Top-Hyiene Kft.,0,1,1,,,,,,,
Top Immobile Limited,0,1,1,,,,,,,
Tolna Város Önkormányzata,0,1,1,,,,,,,
Tokaj Önkormányzata,0,1,1,,,,,,,
Tokaj Borvidék Fejlesztéséért Nonprofit Kft.,0,1,1,,,,,,,
Tizennyolc körül Alapítvány,0,1,1,,,,,,,
Titokőr Kft.,0,1,1,,,,,,,
Tiszavasvári Város Önkormányzata,0,1,1,,,,,,,
Trafikbrand Kft.,0,1,1,,,,,,,
Tungsram Üzemeltető Zrt.,0,1,1,,,,,,,
Tungsram Üzemeltető és Szolgáltató Zrt.,0,1,1,,,,,,,
Turisztikai Attrakció Fejlesztő Zrt.,0,1,1,,,,,,,
Uzsanoatqurilishbank,0,1,1,,,,,,,
Utilis kft.,0,1,1,,,,,,,
Unitreasury Kft.,0,1,1,,,,,,,
Unitranscoop Kft.,0,1,1,,,,,,,
Unione-C Kft.,0,1,1,,,,,,,
Unione Sárvár Szállodaprojekt Kft.,0,1,1,,,,,,,
UJ Clinic Zrt.,0,1,1,,,,,,,
Túzok-Föld Mezőgazdasági Kft.,0,1,1,,,,,,,
Túrricse Község Önkormányzata,0,1,1,,,,,,,
Túra és Rendezvényszervező Egyesület,0,1,1,,,,,,,
Törökbálint Város Önkormányzata,0,1,1,,,,,,,
Téseny község Önkormányzata,0,1,1,,,,,,,
Tésenfa Község Önkormányzata,0,1,1,,,,,,,
Térregény Kulturális és Vagyonkezelő Kft.,0,1,1,,,,,,,
Téma Baranya,0,1,1,,,,,,,
Társaság a Keleti Piacokért Egyesület,0,1,1,,,,,,,
Tálió-2001 Kft.,0,1,1,,,,,,,
Twins Kft.,0,1,1,,,,,,,
Turonbank,0,1,1,,,,,,,
Tiszatényő Önkormányzata,0,1,1,,,,,,,
V-Híd Network Kft.,0,1,1,,,,,,,
Tiszaroffi Cigány Kisebbségi Önkormányzat,0,1,1,,,,,,,
Tiszabő Önkormányzata,0,1,1,,,,,,,
Takeon Ipari Szolgáltató Kft.,0,1,1,,,,,,,
Takarék Mezőgazdasági Befektetési Magántőkealap,0,1,1,,,,,,,
TV COM Kft.,0,1,1,,,,,,,
TO-PA-SI Team Kft.,0,1,1,,,,,,,
TENK Ügyvédi Iroda,0,1,1,,,,,,,
TBC Bank,0,1,1,,,,,,,
TAL-Capital Kft.,0,1,1,,,,,,,
T8 Vagyonkezelő Kft.,0,1,1,,,,,,,
Talentis Beruházásszervező Zrt.,0,1,1,,,,,,,
Sóskút-Frucht Kft.,0,1,1,,,,,,,
Sárpilis Község Önkormányzata,0,1,1,,,,,,,
Szőcs Géza Nemzeti Lovaskultúra Központ,0,1,1,,,,,,,
Szülőföld Kulturális Egyesület,0,1,1,,,,,,,
Szövetségben a gödöllőiekért,0,1,1,,,,,,,
Szövetség az Új Nemzedékért Alapítvány,0,1,1,,,,,,,
Színházi Olimpia,0,1,1,,,,,,,
Színes TISZK Gazdasági Szervezet,0,1,1,,,,,,,
Széppatak Farm Kft.,0,1,1,,,,,,,
Sátoraljaújhely Város Önkormányzata,0,1,1,,,,,,,
Tanis Holidays Kft.,0,1,1,,,,,,,
Tapolca Város Önkormányzata,0,1,1,,,,,,,
Tare Infermo Kereskedelmi Kft.,0,1,1,,,,,,,
Tiszaalpári Agrárgazdaság Zrt.,0,1,1,,,,,,,
Tildor Bt.,0,1,1,,,,,,,
Tihany Önkormányzata,0,1,1,,,,,,,
Tienen Holding Kft.,0,1,1,,,,,,,
Ticinium Kft.,0,1,1,,,,,,,
Thermal Invest Rt.,0,1,1,,,,,,,
Thermal Aqua Kft.,0,1,1,,,,,,,
The Breakers Investments BV,0,1,1,,,,,,,
Tetrecen Üzemeltető Kft.,0,1,1,,,,,,,
Terézvárosi kft.,0,1,1,,,,,,,
Természetesen Dunakesziért Alapítvány,0,1,1,,,,,,,
Terem Község Önkormányzata,0,1,1,,,,,,,
Tenge Bank,0,1,1,,,,,,,
Tender-Co Gazdasái Szervező Kft.,0,1,1,,,,,,,
Tender Innováció Zrt.,0,1,1,,,,,,,
Tematikus Szállodaüzemeltető Kft.,0,1,1,,,,,,,
TechTeamer Kft.,0,1,1,,,,,,,
Tarányi-présház 1780 Kft.,0,1,1,,,,,,,
Tarnalelesz Község Önkormányzata,0,1,1,,,,,,,
Tiszakécske Város Önkormányzata,0,1,1,,,,,,,
Székelyföldi Hokiakadémia,0,1,1,,,,,,,
V.H.V. Vendéglátóipari Kft.,0,1,1,,,,,,,
VOKSH Oktató Szervező és Gépjárművezető-képző Kft.,0,1,1,,,,,,,
civil út,0,1,1,,,,,,,
Zöldfok Rt.,0,1,1,,,,,,,
Zöld Ifjúsági Egyesület,0,1,1,,,,,,,
Zámoly Község Önkormányzata,0,1,1,,,,,,,
Zákányszék Község Önkormányzata,0,1,1,,,,,,,
ZÁG-Körte Kft.,0,1,1,,,,,,,
Zuromin Property Kft.,0,1,1,,,,,,,
Zskf Fenntartó Kft.,0,1,1,,,,,,,
datap,0,1,1,,,,,,,
Zekko Investment Zrt.,0,1,1,,,,,,,
Zalapig-Barnak Kft.,0,1,1,,,,,,,
Zahara Kft.,0,1,1,,,,,,,
ZO Invest Ingatlanhasznosító Zrt.,0,1,1,,,,,,,
ZA-Invest Béta Kft.,0,1,1,,,,,,,
ZA Invest Gamma Kft.,0,1,1,,,,,,,
Z61 Vagyonkezelő Kft.,0,1,1,,,,,,,
Z.I.B. Consulting Kft.,0,1,1,,,,,,,
Z Körte Kft.,0,1,1,,,,,,,
Zamárdi Város Önkormányzata,0,1,1,,,,,,,
eKréta Vagyokezelő Zrt.,0,1,1,,,,,,,
expedIT Kft.,0,1,1,,,,,,,
inaktív,0,1,1,,,,,,,
Új Hordó Kereskedelmi Kft.,0,1,1,,,,,,,
Öko-pet Recycling Kft.,0,1,1,,,,,,,
Észak-magyarországi Autó- és Motorsport Zrt.,0,1,1,,,,,,,
Észak-alföldi Regionális Fejlesztési Tanács,0,1,1,,,,,,,
Észak-Tolna Megyei Takarékszövetkezet,0,1,1,,,,,,,
Észak-Magyarországi Regionális Ifjúsági Tanács,0,1,1,,,,,,,
Észak-Magyarország (újság),0,1,1,,,,,,,
Észak-Hevesi Vidékfejlesztésért Közhasznú Leader Egyesület,0,1,1,,,,,,,
Értékmegőrzők Szentimrevárosi Egyesülete,0,1,1,,,,,,,
Építő Control Kft.,0,1,1,,,,,,,
Éléstár Fogyasztóvédelmi Jogvédő és Kulturális Egyesület,0,1,1,,,,,,,
Életmódváltásért a Dél-alföldön Egyesület,0,1,1,,,,,,,
Ágasegyháza Önkormányzata,0,1,1,,,,,,,
végtelen,0,1,1,,,,,,,
tender-n,0,1,1,,,,,,,
szabadszállási laktanya,0,1,1,,,,,,,
promix Kft.,0,1,1,,,,,,,
pm018 Kft.,0,1,1,,,,,,,
mezőfa,0,1,1,,,,,,,
Youth Business Group Egyesület,0,1,1,,,,,,,
VIII. kerületi Választási Iroda,0,1,1,,,,,,,
YBCN Kereskedelmi és Szolgáltató Kft.,0,1,1,,,,,,,
XIII.kerületi Önkormányzati Parkolási Kft.,0,1,1,,,,,,,
Vinum Esseum Kft.,0,1,1,,,,,,,
Vinker-Rental Kft.,0,1,1,,,,,,,
Vindependent Egyesület,0,1,1,,,,,,,
Villfarm Kft.,0,1,1,,,,,,,
Vidéki-Szépség Tour Kft.,0,1,1,,,,,,,
Viawatt Építőipari Kft.,0,1,1,,,,,,,
Viatus BP Kft.,0,1,1,,,,,,,
Viadom Zrt,0,1,1,,,,,,,
Virpay Kft.,0,1,1,,,,,,,
Veszprémi Közüzemi Szolgáltató (VKSZ) Zrt.,0,1,1,,,,,,,
Vergotek  Kft.,0,1,1,,,,,,,
Ventis Coffee Kft.,0,1,1,,,,,,,
Vaszary Kolos Kórház,0,1,1,,,,,,,
Value for Capital,0,1,1,,,,,,,
Valentine Group Inc.,0,1,1,,,,,,,
Vagon Lízing Pénzügyi Rt.,0,1,1,,,,,,,
VT Magyarország Zrt.,0,1,1,,,,,,,
VRG Therapeutics Kft.,0,1,1,,,,,,,
Verseny '99 Kft.,0,1,1,,,,,,,
Visegrád Város Önkormányzata,0,1,1,,,,,,,
Volán Közlekedési Zrt.,0,1,1,,,,,,,
Váci Tankerületi Központ,0,1,1,,,,,,,
Wiedemann Építőipari és Vállalkozási Kft.,0,1,1,,,,,,,
Werin-Bau Kft.,0,1,1,,,,,,,
Weinberg ’93 Építő Kft.,0,1,1,,,,,,,
Webtown-Informatika Kft.,0,1,1,,,,,,,
Watchmen Kft.,0,1,1,,,,,,,
Walldale Holding Ltd.,0,1,1,,,,,,,
Wagawin GmbH.,0,1,1,,,,,,,
WSZL Szállítmányozási és Logisztikai Kft,0,1,1,,,,,,,
WHB Energy Zrt.,0,1,1,,,,,,,
Vöröskő Kft.,0,1,1,,,,,,,
Vörös és Társa Villamosipari Szolgáltató Kft.,0,1,1,,,,,,,
Városi Televízió Nonprofit Kft,0,1,1,,,,,,,
Városi Kórház-Rendelőintézet Várpalota,0,1,1,,,,,,,
Városi Egészségpark Kft.,0,1,1,,,,,,,
Városgazdálkodási és Turisztikai Rt. (Gárdony),0,1,1,,,,,,,
Városgazdálkodási Zrt. (Orosháza),0,1,1,,,,,,,
Vámospércs Város Önkormányzata,0,1,1,,,,,,,
Vám- és Pénzügyőri Hivatal Szombathely,0,1,1,,,,,,,
Váll-Ber Zrt.,0,1,1,,,,,,,
Xcopy Kft.,0,1,1,,,,,,,
Századvég Konjunktúrakutató Kft.,0,1,1,,,,,,,
Számadó kft.,0,1,1,,,,,,,
Szálkai Szolgáltató és Kereskedelmi Kft.,0,1,1,,,,,,,
Reg1 Kft.,0,1,1,,,,,,,
Reenergy Holding Zrt.,0,1,1,,,,,,,
Real kft.,0,1,1,,,,,,,
Randevú Kft.,0,1,1,,,,,,,
Rakamazi Városüzemeltetési Nonprofit Kft.,0,1,1,,,,,,,
R7 Kft.,0,1,1,,,,,,,
R19 City Corner Investment Kft.,0,1,1,,,,,,,
R-CO Zrt.,0,1,1,,,,,,,
Regionális Fejlesztési Vállalat Rt.,0,1,1,,,,,,,
Qwertel Rt.,0,1,1,,,,,,,
Quality Champignons Kft.,0,1,1,,,,,,,
Qishloq Qurilish Bank,0,1,1,,,,,,,
Pénzügyi és Vállalkozói Központ Kft.,0,1,1,,,,,,,
Pécs Megyei Jogú Város Hivatásos Önkormányzati Tűzoltósága,0,1,1,,,,,,,
Pál és Kozma ügyvédi iroda,0,1,1,,,,,,,
Pákozd Önkormányzata,0,1,1,,,,,,,
Puskás Sport Hotel Kft.,0,1,1,,,,,,,
Puskás Kiállítási Központ,0,1,1,,,,,,,
Quintas 99Kft.,0,1,1,,,,,,,
Rekreációért Kft.,0,1,1,,,,,,,
Reneszánsz Kastélyszálló Kft.,0,1,1,,,,,,,
Revital Ingatlanfejlesztési Zrt.,0,1,1,,,,,,,
SDA DMS Zrt. Stratis Kft.,0,1,1,,,,,,,
SCA Medical Kft,0,1,1,,,,,,,
SCA Hygiene Products Kereskedelmi Kft.,0,1,1,,,,,,,
SBA Invest Kft.,0,1,1,,,,,,,
SATEL Kft.,0,1,1,,,,,,,
SAT-PRINT Kereskedelmi Kft.,0,1,1,,,,,,,
S.C. Szazszorszep Srl.,0,1,1,,,,,,,
Római Körút Irodaház Kft.,0,1,1,,,,,,,
Rétespajta Szolgáltató Kft.,0,1,1,,,,,,,
Réde Község Önkormányzata,0,1,1,,,,,,,
Rákóczy Bank,0,1,1,,,,,,,
Ráday Hotel Kft.,0,1,1,,,,,,,
Rogers,0,1,1,,,,,,,
Rodexco Kft.,0,1,1,,,,,,,
Ridikul.hu,0,1,1,,,,,,,
Ricoh Hungary Kft.,0,1,1,,,,,,,
Reállízing Kft.,0,1,1,,,,,,,
Reál-hálózat,0,1,1,,,,,,,
Rexcellence Design Kft.,0,1,1,,,,,,,
Pszichoszomatikus Ambulancia Kft.,0,1,1,,,,,,,
SEF MULL Kft.,0,1,1,,,,,,,
Pszichofitness Bt.,0,1,1,,,,,,,
Prossimo Zrt.,0,1,1,,,,,,,
Ples Rt.,0,1,1,,,,,,,
Platina Bau Zrt.,0,1,1,,,,,,,
Planet Leasing Pénzügyi Szolgáltató Zrt.,0,1,1,,,,,,,
Pitvaros Község Önkormányzata,0,1,1,,,,,,,
Pilisvörösvár Önkormányzata,0,1,1,,,,,,,
Pilisborosjenő Önkormányzata,0,1,1,,,,,,,
Pig-Trade Kft.,0,1,1,,,,,,,
Phoenix Innovation Kft.,0,1,1,,,,,,,
Plusz Tranzit-Húsker Kft.,0,1,1,,,,,,,
Perfect Plast Kft.,0,1,1,,,,,,,
Perfect Pack Kft.,0,1,1,,,,,,,
Perekt Rt.,0,1,1,,,,,,,
Pepper Catering Zrt.,0,1,1,,,,,,,
Penyigéért Kultúrális Egyesület,0,1,1,,,,,,,
Pentetron Rt.,0,1,1,,,,,,,
Penna-Média Kft.,0,1,1,,,,,,,
Pegazus Group Kereskedelmi és Szolgáltató Kft.,0,1,1,,,,,,,
Paul Szilard Production,0,1,1,,,,,,,
Perfect Packaging Limited Ltd.,0,1,1,,,,,,,
Pocsaj Község Önkormányzata,0,1,1,,,,,,,
Polari 2008 kft,0,1,1,,,,,,,
Polgári Média Alapítvány,0,1,1,,,,,,,
Prosper Lovaskulb Kft,0,1,1,,,,,,,
Promeritum Alapítvány,0,1,1,,,,,,,
Promega Kft.,0,1,1,,,,,,,
Projekt Doktor Iroda Kft.,0,1,1,,,,,,,
Procortino Kft.,0,1,1,,,,,,,
Pro Civitate Szolgálgáltató Bt.,0,1,1,,,,,,,
Prizma FM Services Kft.,0,1,1,,,,,,,
Print on Demand Kft.,0,1,1,,,,,,,
Prime Hermina Kft.,0,1,1,,,,,,,
Prime Finance Future Zrt.,0,1,1,,,,,,,
Prime Elite Hungary Kft.,0,1,1,,,,,,,
Premontrei Rend,0,1,1,,,,,,,
Premium Jet GmbH.,0,1,1,,,,,,,
Pošta Srbije,0,1,1,,,,,,,
Postai Kézbesítő Kft.,0,1,1,,,,,,,
Post For Rent International Zrt.,0,1,1,,,,,,,
Portfoliion Zöld Magántőkelap,0,1,1,,,,,,,
Port Data Kft.,0,1,1,,,,,,,
Pomáz Város Önkormányzata,0,1,1,,,,,,,
Prófécia Ingatlanforgalmazó Kft.,0,1,1,,,,,,,
SEP (MALTA) HOLDING LTD,0,1,1,,,,,,,
SGH Aviation Kft.,0,1,1,,,,,,,
SHINHEUNG SEC EU Kft.,0,1,1,,,,,,,
Szatmár Nektárja Nonprofit Kft.,0,1,1,,,,,,,
Szaporca Község Önkormányzata,0,1,1,,,,,,,
Szandaszőlősért Egyesület,0,1,1,,,,,,,
Szajki Mezőgazdasági Zrt.,0,1,1,,,,,,,
Szabó Lőrinc általános iskola és gimnázium,0,1,1,,,,,,,
Szabolcs-Mag 98 Kft.,0,1,1,,,,,,,
Szabadszentkirályi Mezőgazdasági Rt.,0,1,1,,,,,,,
Szabad Demokrata Közösség,0,1,1,,,,,,,
Szeged Pólus Fejlesztési Nkft.,0,1,1,,,,,,,
System Bau Trade Kft.,0,1,1,,,,,,,
Studió Rent Kft.,0,1,1,,,,,,,
Strong&Unique LCC,0,1,1,,,,,,,
Streamfit Kft.,0,1,1,,,,,,,
Strategic Consulting Kft.,0,1,1,,,,,,,
Strat-Pol Kft.,0,1,1,,,,,,,
Strabag-group,0,1,1,,,,,,,
Storrente Work Kft.,0,1,1,,,,,,,
Stipendium Peregrinum Ösztöndíjprogram,0,1,1,,,,,,,
Switch on Media Kft.,0,1,1,,,,,,,
Szekszárd Járási Ügyészség,0,1,1,,,,,,,
Szekszárd Mezőgazdasági Zrt.,0,1,1,,,,,,,
Szekszárdi Közművelődési Nkft.,0,1,1,,,,,,,
Szupergáz-Autó-Hild Rt.,0,1,1,,,,,,,
Szunaworks Kft.,0,1,1,,,,,,,
Szolnoki Víz- és Csatornaművek Koncessziós Zrt. (VCsM),0,1,1,,,,,,,
Szolnoki Városfejlesztő Nonprofit Kft.,0,1,1,,,,,,,
Szlama-Food Kft.,0,1,1,,,,,,,
Szivarbolt Kft.,0,1,1,,,,,,,
Szivar Torony River Bt.,0,1,1,,,,,,,
Szirt Invest Kft.,0,1,1,,,,,,,
Szirmaterm Mezőgazdasági Kereskedelmi És Szolgáltató Kft.,0,1,1,,,,,,,
Szinva Net Zrt.,0,1,1,,,,,,,
Szintér Alapítvány,0,1,1,,,,,,,
Szikszó Város Önkormányzata,0,1,1,,,,,,,
Szigtszentmiklósi TK,0,1,1,,,,,,,
Szigetszentmiklósi Sziget Színház Művészeti Egyesület,0,1,1,,,,,,,
Szervező és Szolgáltató Kft.,0,1,1,,,,,,,
Szentinel Kft.,0,1,1,,,,,,,
Szent Domonkos Rend Magyar Tartományfőnökség,0,1,1,,,,,,,
Szendrő és Vidéke Takarékszövetkezet,0,1,1,,,,,,,
Szempont Agrár Kft.,0,1,1,,,,,,,
Stipendium Hungaricum Sport Ösztöndíjprogram,0,1,1,,,,,,,
Staff House Zrt.,0,1,1,,,,,,,
St. George Apartamanház Kft.,0,1,1,,,,,,,
Sport-Üdülófalu Kft.,0,1,1,,,,,,,
Senso Media Zrt.,0,1,1,,,,,,,
Semyno Kft.,0,1,1,,,,,,,
Semmelweis Kórház (Miskolc),0,1,1,,,,,,,
Schöpf-Mérei Kórház,0,1,1,,,,,,,
School Kiadó Bt.,0,1,1,,,,,,,
Saul & Schwartz Kft.,0,1,1,,,,,,,
Sasinter Kft.,0,1,1,,,,,,,
Sasfruit Rt.,0,1,1,,,,,,,
Sasflóra Kft.,0,1,1,,,,,,,
Sasbusiness KFt.,0,1,1,,,,,,,
Sasad Vagyonkezelő Kft.,0,1,1,,,,,,,
Sangsin Magyarország Kft.,0,1,1,,,,,,,
Salgó vagyon Kft.,0,1,1,,,,,,,
SZRH SZántód Rév Hotel Kft.,0,1,1,,,,,,,
SZLOMA - MIX Vasárú és Kereskedelmi Kft.,0,1,1,,,,,,,
SP Residence Kft.,0,1,1,,,,,,,
SOMA 96 Kft.,0,1,1,,,,,,,
SOF-24 Kft.,0,1,1,,,,,,,
SK Battery Hungary Kft.,0,1,1,,,,,,,
Service 4 You Kft.,0,1,1,,,,,,,
Patkós és Társa Bt.,0,1,1,,,,,,,
Shenzhen Kedali Industry,0,1,1,,,,,,,
Shomer Security Kft.,0,1,1,,,,,,,
Sport Consepts Ltd.,0,1,1,,,,,,,
Spl Biztonsági Nyomdaipari Kft.,0,1,1,,,,,,,
Speciál 99 Kft.,0,1,1,,,,,,,
SpaceNet Zrt.,0,1,1,,,,,,,
Sound Manager Kft.,0,1,1,,,,,,,
Solt FC,0,1,1,,,,,,,
Solinwest Kft.,0,1,1,,,,,,,
Solidium Capital Kft.,0,1,1,,,,,,,
Solarside Kft.,0,1,1,,,,,,,
SolarMore Kft.,0,1,1,,,,,,,
Solar Markt-csoport,0,1,1,,,,,,,
Solar Markt Befektetési Kft.,0,1,1,,,,,,,
Smuc.io Kft.,0,1,1,,,,,,,
Smuc Technologies Kft.,0,1,1,,,,,,,
Siófoki Kórház,0,1,1,,,,,,,
Sinvest Andrássy 21 Pro Kft.,0,1,1,,,,,,,
SinoWa International Kft.,0,1,1,,,,,,,
Silex Kft.,0,1,1,,,,,,,
Siklós Város Önkormányzata,0,1,1,,,,,,,
Sherrif Kft.,0,1,1,,,,,,,
Humán Racionális Innovatív Alapítvány,0,1,1,,,,,,,
Kompkonzult,0,1,1,,,,,,,
Huindo,0,1,1,,,,,,,
Controldesign Bt.,0,1,1,,,,,,,
Constantia Industries AG,0,1,1,,,,,,,
Confluentia Holding Vagyonkezelő Kft.,0,1,1,,,,,,,
CompuTrend Kft.,0,1,1,,,,,,,
Composite Project Kft.,0,1,1,,,,,,,
Complán Stúdió Kft.,0,1,1,,,,,,,
Compconto Kft.,0,1,1,,,,,,,
Colorspectrum Kft.,0,1,1,,,,,,,
Colgate Palmolive,0,1,1,,,,,,,
Co&Co Designcommunication Kft,0,1,1,,,,,,,
Clo-dex Hungary Kft.,0,1,1,,,,,,,
Civilek a Megyéért Alapítvány,0,1,1,,,,,,,
CityNext Média Zrt.,0,1,1,,,,,,,
Ciszterci rend,0,1,1,,,,,,,
Chint Solar Nederland,0,1,1,,,,,,,
Chewton Ltd.,0,1,1,,,,,,,
Chartausi Kft.,0,1,1,,,,,,,
County Media Kft.,0,1,1,,,,,,,
Cratis Ingatlanbefektető Kft.,0,1,1,,,,,,,
Creator Awards,0,1,1,,,,,,,
Criterion Biztonsági Megoldások Kft.,0,1,1,,,,,,,
Cultivatum Oktatási,0,1,1,,,,,,,
Csődtanácsadó Menedzser Kft.,0,1,1,,,,,,,
Csíki Hírlap,0,1,1,,,,,,,
Csénye Község Önkormányzata,0,1,1,,,,,,,
Csány Község Önkormányzata,0,1,1,,,,,,,
Csurgó Város Önkormányzata,0,1,1,,,,,,,
Csongrád Város Önkormányzata,0,1,1,,,,,,,
Csikóstőttős Község Önkormányzat,0,1,1,,,,,,,
Cex Kft,0,1,1,,,,,,,
Cserszegtomaj Önkormányzata,0,1,1,,,,,,,
Csenger Város Önkormányzata,0,1,1,,,,,,,
Csanádapáca Önkormányzata,0,1,1,,,,,,,
Csanyik Szanatórium,0,1,1,,,,,,,
Családbarát Alapítvány,0,1,1,,,,,,,
Család- Ifjúság- és Népesedéspolitikai Intézet (NSZCSI),0,1,1,,,,,,,
Csabdi község önkormányzata,0,1,1,,,,,,,
Crumax Inc.,0,1,1,,,,,,,
Crosssec Solutions Kft.,0,1,1,,,,,,,
Cserkeszőlő Önkormányzata,0,1,1,,,,,,,
Ceres Zrt.,0,1,1,,,,,,,
Cereol Rt.,0,1,1,,,,,,,
Centrum-Visegrád Kft.,0,1,1,,,,,,,
CK EM Solution HUN Kft.,0,1,1,,,,,,,
CG Electric Systems,0,1,1,,,,,,,
CER Cargo Holding,0,1,1,,,,,,,
CENTRAL EUROPEAN PRINTING Kft.,0,1,1,,,,,,,
CEE PE European Venture Capital,0,1,1,,,,,,,
CCC+Bogner Kft.,0,1,1,,,,,,,
Böszörményi Ballon Club,0,1,1,,,,,,,
Bödeháza Község Önkormányzata,0,1,1,,,,,,,
CONSTRUM Beruházó és Kivitelező Kft. (Szentendre),0,1,1,,,,,,,
Békési Gabona Rt.,0,1,1,,,,,,,
Békés Megyei Területi Társadalmi Aktivitás Nonprofit Kft.,0,1,1,,,,,,,
Békés Megyei Kormányhivatal Mezőkovácsházi Járási Hivatala,0,1,1,,,,,,,
Bászna Sertés Kft.,0,1,1,,,,,,,
Bányaker 100 nevű bt.,0,1,1,,,,,,,
Bácsalmás Város Önkormányzata,0,1,1,,,,,,,
Bács-Kiskun Megyei Ifjúsági Szövetség,0,1,1,,,,,,,
Bács-Kiskun Megyei Földhivatal,0,1,1,,,,,,,
Bv. Holding Kft.,0,1,1,,,,,,,
Békés-Solar Kft.,0,1,1,,,,,,,
Cún Község Önkormányzata,0,1,1,,,,,,,
CSABJÓ Kereskedelmi és Szolgáltató Kft.,0,1,1,,,,,,,
CZECZ Trade Center Zrt.,0,1,1,,,,,,,
Central Dabasi Nyomda Zrt.,0,1,1,,,,,,,
Center-Print Nyomda Kft.,0,1,1,,,,,,,
Center for European Renewal (Központ az Európai Megújulásért),0,1,1,,,,,,,
Celatum Holding Zrt.,0,1,1,,,,,,,
Cedco Hungary Kft.,0,1,1,,,,,,,
Cears Bt.,0,1,1,,,,,,,
Cdata térképtár Kft.,0,1,1,,,,,,,
Cato Investments Zrt.,0,1,1,,,,,,,
CURLINGTON Ingatlanfejlesztési Kft.,0,1,1,,,,,,,
Cathay Group.,0,1,1,,,,,,,
Castellum Hotel,0,1,1,,,,,,,
Cash-Inside Kereskedelmi és Szolgáltató Kft.,0,1,1,,,,,,,
Carvel Hungary Kft.,0,1,1,,,,,,,
Carrbridge Investment Kft.,0,1,1,,,,,,,
Carpathia Nemzeti Kreatív Gazdaságfejlesztő és Innováció Kft.,0,1,1,,,,,,,
Cardio Komplex,0,1,1,,,,,,,
Capital Consulting Magyarország Zrt.,0,1,1,,,,,,,
Café Budapest,0,1,1,,,,,,,
Castellum Rt.,0,1,1,,,,,,,
Business & Social Life Management kft.,0,1,1,,,,,,,
DAK Holding Hungary Befektetési és Tanácsadó Kft.,0,1,1,,,,,,,
DBH Invest Kockázati Alapkezelő Zrt.,0,1,1,,,,,,,
Dunapart Catering Kft.,0,1,1,,,,,,,
Dunanett Kft.,0,1,1,,,,,,,
Dunakeszi Város Sportigazgatóság,0,1,1,,,,,,,
Dunakeszi Alsó Fejlődéséért Alapítvány,0,1,1,,,,,,,
Dunagra Kft.,0,1,1,,,,,,,
DunaZip Kft.,0,1,1,,,,,,,
DunaRaf Kft.,0,1,1,,,,,,,
Duna-Tisza Regionális Zrt.,0,1,1,,,,,,,
Duna-Profit,0,1,1,,,,,,,
Duna-Dráva Nemzeti Park,0,1,1,,,,,,,
Duna mente Fejér megye,0,1,1,,,,,,,
Duna Terasz Grande,0,1,1,,,,,,,
Duna Parti Zöld Fiatalok Egyesülete,0,1,1,,,,,,,
Duna Group  Zrt.,0,1,1,,,,,,,
Duna Autópálya Konzorcium,0,1,1,,,,,,,
DryCon Hungary Kft.,0,1,1,,,,,,,
Dreamshaper Worldwide Kft.,0,1,1,,,,,,,
Dunaújvárosi Járási Hivatal,0,1,1,,,,,,,
Dutireg Kht.,0,1,1,,,,,,,
Dél-Dunántúli Borkultúráért Kft.,0,1,1,,,,,,,
Dél-Magyarországi Regionális Energia Ügynökség NKft.,0,1,1,,,,,,,
EU-Assistance 2006 Kft.,0,1,1,,,,,,,
EU Posta Zrt.,0,1,1,,,,,,,
ETO Futball Sportszervező és Szolgáltató Kft.,0,1,1,,,,,,,
ESPE-H PHARMA Zrt.,0,1,1,,,,,,,
EMI Online Kft.,0,1,1,,,,,,,
ELEKTRO-VÁRADI Kft.,0,1,1,,,,,,,
EIB-H'2009 Kft.,0,1,1,,,,,,,
EFPA Estate Kft.,0,1,1,,,,,,,
Drawa Bt.,0,1,1,,,,,,,
EAG Bt.,0,1,1,,,,,,,
E-boat Yachting Kft.,0,1,1,,,,,,,
E-Schooling Worldwide Kft.,0,1,1,,,,,,,
E-OS Gáz Földgáz Kereskedő és Szolgáltató Kft.,0,1,1,,,,,,,
E-Consultancy Pénzügyi Tanácsadó és Szolgáltató Kft.,0,1,1,,,,,,,
Dörgicsei Bor Kft.,0,1,1,,,,,,,
Dél-békési Terület és Humánerőforrás-fejlesztő Kht,0,1,1,,,,,,,
Dél-alföldi Agrárlogisztikai Centrum,0,1,1,,,,,,,
Dél-Pesti Szennyvíztisztító Telep,0,1,1,,,,,,,
E-szinapszis Zrt.,0,1,1,,,,,,,
Dr. Tomcsányi Tamás ügyvédi iroda,0,1,1,,,,,,,
Dr. Tamási Ügyvédi iroda,0,1,1,,,,,,,
Dr. Bugyi István Kórház (Szentes),0,1,1,Bugyi István Kórház,Dr. Bugyi István Kórház,,,,,zárójel
De Well Singapore Group,0,1,1,,,,,,,
Danubiusbeton Kft.,0,1,1,,,,,,,
Danubio Park Projekt Kft.,0,1,1,,,,,,,
Danubio Homes,0,1,1,,,,,,,
Danubia Magyar Katolikus Diákegyesület,0,1,1,,,,,,,
Danka Magyarország Kft.,0,1,1,,,,,,,
Daniel Friberg,0,1,1,,,,,,,
Damit Informtika Kft.,0,1,1,,,,,,,
DeWab Logistics Kft.,0,1,1,,,,,,,
Dacia S.r.l.,0,1,1,,,,,,,
DRT Hungary Kft.,0,1,1,,,,,,,
DOM Rt.,0,1,1,,,,,,,
DML Hungary Kft.,0,1,1,,,,,,,
DMH Magyarország Lapterjesztő és Kereskedelmi Korlátolt Felelősségű Társaság,0,1,1,,,,,,,
Humanity FC LCC,0,1,1,,,,,,,
DH HOLDING Bizalmi Vagyonkezelő Zrt.,0,1,1,,,,,,,
DF-csoport,0,1,1,,,,,,,
DEHNMIB Naperőmű Ingatlan Kft.,0,1,1,,,,,,,
Dach Holding 94 Kft.,0,1,1,,,,,,,
DBH Group,0,1,1,,,,,,,
Debköz Kft. (Mátrix Tender),0,1,1,,,,,,,
Debreceni Iparfejlesztési Alap,0,1,1,,,,,,,
Dow AgroSciences Hungary Kft.,0,1,1,,,,,,,
Dorottya Residence Zrt.,0,1,1,,,,,,,
Dormotel Diákotthon,0,1,1,,,,,,,
Dongwha Electrolyte Hungary Kft.,0,1,1,,,,,,,
Dominancia Rt.,0,1,1,,,,,,,
Domin-Art Kft.,0,1,1,,,,,,,
Dombó-Bau Kft.,0,1,1,,,,,,,
Dombrád Város Önkormányzata,0,1,1,,,,,,,
Debreceni Egyetem Mérnöki és Üzletfejlesztési Innovációs Intézete,0,1,1,,,,,,,
Diákellátás,0,1,1,,,,,,,
Dexirum Kft.,0,1,1,,,,,,,
Devias Kft.,0,1,1,,,,,,,
Dermo Trade Rt.,0,1,1,,,,,,,
Dentmil Kft.,0,1,1,,,,,,,
Demeterervin Kft.,0,1,1,,,,,,,
Delta-Core Kft.,0,1,1,,,,,,,
Delta Pékség Kft.,0,1,1,,,,,,,
Decs Nagyközség Önkormányzata,0,1,1,,,,,,,
Divat & Design Tőkealap,0,1,1,,,,,,,
EUROGATE GROUP,0,1,1,,,,,,,
Burginvest,0,1,1,,,,,,,
Budwell Holding Hungary Kft.,0,1,1,,,,,,,
Amalfi Ingatlanfejlesztő Ingatlanbefektetési Alap,0,1,1,,,,,,,
Alter Energetikai Iroda Tudományos,0,1,1,,,,,,,
AltSol Consulting Kft.,0,1,1,,,,,,,
Alsószentmárton Önkormányzata,0,1,1,,,,,,,
Alsó-Tisza-vidéki Környezetvédelmi Természetvédelmi és Vízügyi F,0,1,1,,,,,,,
Alpha-ess Hungary Kft.,0,1,1,,,,,,,
Alpha Machine Kft.,0,1,1,,,,,,,
Alpac Media Investments,0,1,1,,,,,,,
Aloqabank,0,1,1,,,,,,,
Almádia és Franna kft.,0,1,1,,,,,,,
Allied Investment Rt.,0,1,1,,,,,,,
All General Bulid kft.,0,1,1,,,,,,,
Alisca Bau Zrt.,0,1,1,,,,,,,
Algyő Nagyközség Önkormányzat,0,1,1,,,,,,,
Alcsevszki  Vaskohászati Kombinát Rt.,0,1,1,,,,,,,
Alba-Kenyér Zrt.,0,1,1,,,,,,,
Alapítvány a Kárpát-medence Sportjáért,0,1,1,,,,,,,
Ambíció Építőipari Kereskedelmi és Szolgáltató Kft.,0,1,1,,,,,,,
Amisoft Kft.,0,1,1,,,,,,,
Amplify App OÜ,0,1,1,,,,,,,
Amáro Láso Kft.,0,1,1,,,,,,,
Asaka Bank,0,1,1,,,,,,,
Arzenál Fegyvergyár Zrt.,0,1,1,,,,,,,
Arysta LifeScience Magyarország Kft.,0,1,1,,,,,,,
Arthur Bergmann Agriculture Zrt.,0,1,1,,,,,,,
Art of Sound Hungary Kft.,0,1,1,,,,,,,
Archibald Ingatlanhasznosító,0,1,1,,,,,,,
Aranytömb Kft.,0,1,1,,,,,,,
Aranykalász Kft.,0,1,1,,,,,,,
Alapértékek Nonprofit Kft.,0,1,1,,,,,,,
Arany Sas Fogadó Kft.,0,1,1,,,,,,,
Anseris Kft.,0,1,1,,,,,,,
Angster József Szakképző Iskola,0,1,1,,,,,,,
Andrássy 34 Property Kft.,0,1,1,,,,,,,
Andrássy 34 Loft Kft.,0,1,1,,,,,,,
Andosa Market Kft.,0,1,1,,,,,,,
Andornaktálya Község Önkormányzata,0,1,1,,,,,,,
Andaman Ltd.,0,1,1,,,,,,,
Analogy Fejlesztő és Szolgáltató Zrt.,0,1,1,,,,,,,
Apis Irodaszer Kft.,0,1,1,,,,,,,
Aktív Energia Egyesület,0,1,1,,,,,,,
Aktor Produkció Kft.,0,1,1,,,,,,,
Agrártudományi Kutatóközpont (ATK),0,1,1,,,,,,,
AVB Rendezvényszervező Zrt.,0,1,1,,,,,,,
AUDI HUNGARIA MOTOR Kft.,0,1,1,,,,,,,
ASZE Mérnöki Vállalat Paks II.,0,1,1,,,,,,,
ART ea,0,1,1,,,,,,,
ARK Rt.,0,1,1,,,,,,,
APERTUS Kht.,0,1,1,,,,,,,
ALLIANCE-JURA Hongrie Kockázati tőkealap-kezelő Zrt.,0,1,1,,,,,,,
AIOS Peninsula Limited,0,1,1,,,,,,,
AVI Mures Srl.,0,1,1,,,,,,,
AGRO MULTISECTOR  Kft.,0,1,1,,,,,,,
AC  Treuhand,0,1,1,,,,,,,
A gyorsabb ügy­menetért Kft.,0,1,1,,,,,,,
A G G - Biopellet Kft.,0,1,1,,,,,,,
7E Kft.,0,1,1,,,,,,,
575 Sportswear Webshop Kft.,0,1,1,,,,,,,
4BRO Hungary Kft.,0,1,1,,,,,,,
2S Gazdasági Szolgáltató Rt.,0,1,1,,,,,,,
Szívek a Szívekért Alapítvány,0,1,1,,,,,,,
ADM Ingatlanfejlesztő Kft.,0,1,1,,,,,,,
Aszály Veszélyhelyzeti Operatív Törzs,0,1,1,,,,,,,
AX Technology Kft.,0,1,1,,,,,,,
Abacus-Audit Kft.,0,1,1,,,,,,,
Agrologik Kft.,0,1,1,,,,,,,
Agroil Rt.,0,1,1,,,,,,,
Agrograin Kereskedelmi Rt.,0,1,1,,,,,,,
Agrocsoport Holding Kft.,0,1,1,,,,,,,
Agro-Szentgyörgy Kft.,0,1,1,,,,,,,
Agro-Csibe 2000 Kft.,0,1,1,,,,,,,
Agro Hungary Holding Kft.,0,1,1,,,,,,,
Aero-IDAG Kft.,0,1,1,,,,,,,
Aare-Tessin AG für Elektrizität (Atel AG),0,1,1,,,,,,,
Aero Space Power Kft.,0,1,1,,,,,,,
Adrere Ltd.,0,1,1,,,,,,,
Adony Város Önkormányzata,0,1,1,,,,,,,
Adam's Gourmet Kft.,0,1,1,,,,,,,
Acsalag Község Önkormányzata,0,1,1,,,,,,,
Academy  of Wine and Spirit Kft.,0,1,1,,,,,,,
Absolute Occasion Kft.,0,1,1,,,,,,,
Ablak Arzenál Kft.,0,1,1,,,,,,,
Abeton-Viacolor Zrt.,0,1,1,,,,,,,
Adó- és Pénzügyi Tanácsadó Kft.,0,1,1,,,,,,,
Buják Község Önkormányzata,0,1,1,,,,,,,
Attila Patika Bt.,0,1,1,,,,,,,
Automizy Marketing-technológiai Zrt.,0,1,1,,,,,,,
Brachot Hungary Kft.,0,1,1,,,,,,,
Bpart Tower Kft.,0,1,1,,,,,,,
Bpart Gavia Kft.,0,1,1,,,,,,,
Boysen Battery C.Hungary Kft.,0,1,1,,,,,,,
Boxy Logisztikai Zrt.,0,1,1,,,,,,,
Botanicobio Holding Kft.,0,1,1,,,,,,,
Borsodvíz Kft.,0,1,1,,,,,,,
Borsodi Sport Kft.,0,1,1,,,,,,,
Borsod Sport Holding Kft.,0,1,1,,,,,,,
Borgáta Község Önkormányzata,0,1,1,,,,,,,
Bor3 Kft.,0,1,1,,,,,,,
Boldog Község Önkormányzata,0,1,1,,,,,,,
Bogáncs Szerviz kft.,0,1,1,,,,,,,
Boat & Bus Kft.,0,1,1,,,,,,,
Blue Ingatlanfejlesztő,0,1,1,,,,,,,
Black Wilde Security Kft.,0,1,1,,,,,,,
Biztos Támasz Egyesület,0,1,1,,,,,,,
BrandHouse Kft.,0,1,1,,,,,,,
Brands.hu,0,1,1,,,,,,,
Bravotech Kft.,0,1,1,,,,,,,
Brick Visual,0,1,1,,,,,,,
Budapesti Értékpapír és Befektetési Rt.,0,1,1,,,,,,,
Budapesti Tavaszi és Őszi Fesztivál,0,1,1,,,,,,,
Budapest Rádió Kft.,0,1,1,,,,,,,
Budapest Holding Első Hazai Vagyonkezelő Zrt.,0,1,1,,,,,,,
Budapest Főváros Városépítő Tervező Kft. (BFVT),0,1,1,,,,,,,
Budapest Flotta Zrt.,0,1,1,,,,,,,
Biztonságért Alapítvány,0,1,1,,,,,,,
Budapest Centre for Long-Term Sustainability (BC4LS) Kft.,0,1,1,,,,,,,
Budapest Autófinanszírozási Zrt.,0,1,1,,,,,,,
Budaiút-Invest Kft.,0,1,1,,,,,,,
Budai Polgár Kiadó Kft.,0,1,1,,,,,,,
Buda Square 2007 Kft.,0,1,1,,,,,,,
Bucsi Autóház Kft.,0,1,1,,,,,,,
Bráza Invest kft.,0,1,1,,,,,,,
Brotherimpex Kft.,0,1,1,,,,,,,
Brillbau Kft.,0,1,1,,,,,,,
Budapest Bizottság,0,1,1,,,,,,,
Biskelor Entreprises Ltd.,0,1,1,,,,,,,
Biotrade Kft.,0,1,1,,,,,,,
Bihar Airport Kft.,0,1,1,,,,,,,
Bakony Kopásálló Technológia Kft.,0,1,1,,,,,,,
Bajor Gizi Színészmúzeum,0,1,1,,,,,,,
Bagyinszki Alili s.r.o.,0,1,1,,,,,,,
BYD Auto Hungary Kft.,0,1,1,,,,,,,
BVL Befektetési Tanácsadó Zrt.,0,1,1,,,,,,,
BRFK III. kerületi Rendőrkapitányság,0,1,1,,,,,,,
BL Estates Kft.,0,1,1,,,,,,,
BERE-BAU Kft.,0,1,1,,,,,,,
Bakony és Balaton Térségi Turisztikai Nonprofit Kft.,0,1,1,,,,,,,
BDPST - Serbia Zrt.,0,1,1,,,,,,,
B.-A.-Z. megyei közgyűlés,0,1,1,,,,,,,
B-Ép Profi Kft.,0,1,1,,,,,,,
B-média Kft.,0,1,1,,,,,,,
B&G Generál Üzemeltetési és Építőipari Kft.,0,1,1,,,,,,,
B & SZ Kft.,0,1,1,,,,,,,
Azúr Szórakoztatóközpont Kft.,0,1,1,,,,,,,
Avico Park Alfa Kft.,0,1,1,,,,,,,
Avalon Flee Kft.,0,1,1,,,,,,,
BAZ-megyei Területfejlesztési Tanács,0,1,1,,,,,,,
Auditórium Hungaricum,0,1,1,,,,,,,
Bakony-Sol Kft.,0,1,1,,,,,,,
Balassagyarmat Város Önkormányzata,0,1,1,,,,,,,
Betonútépítő Nemzetközi Rt.,0,1,1,,,,,,,
Beton-Art Kft.,0,1,1,,,,,,,
Betekints Kft.,0,1,1,,,,,,,
Best Debt Management Kft.,0,1,1,,,,,,,
Berotel Networks Kft.,0,1,1,,,,,,,
Beacon Kft.,0,1,1,,,,,,,
Be-De Invest Dél Bt.,0,1,1,,,,,,,
Bau Art Marcali Bt.,0,1,1,,,,,,,
Bal I.Q.Bt.,0,1,1,,,,,,,
Batula Talentum Kft.,0,1,1,,,,,,,
Baranyahídvég község Önkormányzata,0,1,1,,,,,,,
Banküzlet Kft.,0,1,1,,,,,,,
Balkanbank,0,1,1,,,,,,,
Balatonudvari Község Önkormányzata,0,1,1,,,,,,,
Balatonfőkajár Község Önkormányzata,0,1,1,,,,,,,
Balatonfenyves Község Önkormányzata,0,1,1,,,,,,,
Balatonbike365 Nonprofit Kft.,0,1,1,,,,,,,
Balatonberényi Gyermeküdülő,0,1,1,,,,,,,
Baross Gábor Újraiparosítási Hitelprogram,0,1,1,,,,,,,
EUROPE HILL Kereskedelmi és Szolgáltató Kft.,0,1,1,,,,,,,
DM-Drogerie Markt Kft.,0,1,1,,,,,,,
EVOMEDIA Szolgáltató Korlátolt Felelősségű Társaság,0,1,1,,,,,,,
Gabona 123 Kft.,0,1,1,,,,,,,
GVC Group George's Venture Capital Zrt.,0,1,1,,,,,,,
GP Autó Invest Team Kft.,0,1,1,,,,,,,
GLOBE-ÉP Zrt.,0,1,1,,,,,,,
GJZ Bt.,0,1,1,,,,,,,
GIF Hungary Kft.,0,1,1,,,,,,,
Ganz Transzformátor Kft.,0,1,1,,,,,,,
GESOL Kft.,0,1,1,,,,,,,
GAK Oktató,0,1,1,,,,,,,
G.B.R. Trade Ltd.,0,1,1,,,,,,,
G-Gamma LNCHD Kft.,0,1,1,,,,,,,
Fővárosi Művelődési Ház,0,1,1,,,,,,,
Főnix Polgári Társulás (Szlovákia),0,1,1,,,,,,,
Főfotó Kft.,0,1,1,,,,,,,
GB Európa Ingatlan Kft.,0,1,1,,,,,,,
Gara-Ép-Ker Kft.,0,1,1,,,,,,,
Garancia '98 Kft.,0,1,1,,,,,,,
Geodézia Immo Kft.,0,1,1,,,,,,,
Green Essence Holdings Kft.,0,1,1,,,,,,,
Grand Bohemia Zrt.,0,1,1,,,,,,,
Gran Valley Kft.,0,1,1,,,,,,,
Gran III. Kockázati Tőkealap,0,1,1,,,,,,,
Gran Hills Kft.,0,1,1,,,,,,,
Gordiusz West Holding Kft.,0,1,1,,,,,,,
GoldenBridge Media Kft.,0,1,1,,,,,,,
Glory Wise Trading Limited,0,1,1,,,,,,,
Glock Aviation GmbH.,0,1,1,,,,,,,
Global Homes Group Kft.,0,1,1,,,,,,,
Gilette,0,1,1,,,,,,,
Ghibli Raktárlogisztika Kft.,0,1,1,,,,,,,
Geoscan Kft.,0,1,1,,,,,,,
Geominforg Bányászati,0,1,1,,,,,,,
Geológiai és Kútszelvényező Kft.,0,1,1,,,,,,,
Földvári és fia tanácsadó Kft.,0,1,1,,,,,,,
Földmüvelési és Vidékfejlesztési Hivatal,0,1,1,,,,,,,
Fázis Rt.,0,1,1,,,,,,,
Future Sarlo Srl.,0,1,1,,,,,,,
Femgas Gázkereskedelmi Kft.,0,1,1,,,,,,,
Felvidéki Gazdaságélénkítő Program,0,1,1,,,,,,,
Felső-szabolcsi Kórház,0,1,1,,,,,,,
Fejér Megye Önkormányzata,0,1,1,,,,,,,
Fejlődő Élhető és Szerethető Városért Egyesület,0,1,1,,,,,,,
Fejlesztő és Tervező Kft.,0,1,1,,,,,,,
Fejlesztési és Innovációs Alap,0,1,1,,,,,,,
Fehérnép Kft.,0,1,1,,,,,,,
Farmenergia Kft.,0,1,1,,,,,,,
Far East S.A.,0,1,1,,,,,,,
Famáka Kft.,0,1,1,,,,,,,
Fagyöngy Invest Ingatlanhasznosító Kft.,0,1,1,,,,,,,
FK Invest Kft.,0,1,1,,,,,,,
Exclusive Property Kft.,0,1,1,,,,,,,
Eventrend Global Kft.,0,1,1,,,,,,,
Ferrofém 2005 Kft.,0,1,1,,,,,,,
Green-Unio Energia Kft,0,1,1,,,,,,,
Ferrosüt Kft.,0,1,1,,,,,,,
Fibre Medical Kft.,0,1,1,,,,,,,
Futball-F 2007 Zrt.,0,1,1,,,,,,,
Freddissimo Kft.,0,1,1,,,,,,,
Forró Község Önkormányzata,0,1,1,,,,,,,
Formál Group Kft.,0,1,1,,,,,,,
Fonyódi Városfejlesztési és Városüzemeltetési Nonprofit Kft.,0,1,1,,,,,,,
Fonyódi Thermál Aqua Kft.,0,1,1,,,,,,,
Fonyód Yacht Club,0,1,1,,,,,,,
Flórián Tabak Bt.,0,1,1,,,,,,,
Fluart Kft.,0,1,1,,,,,,,
Flash Gold Kft.,0,1,1,,,,,,,
Five Grid AG,0,1,1,,,,,,,
First Empire Investments Ltd.,0,1,1,,,,,,,
Finatom Nonprofit Kft.,0,1,1,,,,,,,
Finanszírozó és Tanácsadó Kft.,0,1,1,,,,,,,
Fidelio Média Kft.,0,1,1,,,,,,,
Fexton Kft.,0,1,1,,,,,,,
Eutradex UK Ltd.,0,1,1,,,,,,,
Greenhall Center Kft.,0,1,1,,,,,,,
Gresco Zrt.,0,1,1,,,,,,,
Herius Alpha SPV Kft.,0,1,1,,,,,,,
Heresznye Önkormányzata,0,1,1,,,,,,,
Hellnarik Holding,0,1,1,,,,,,,
Hekla Trade Bt.,0,1,1,,,,,,,
Hegyvidéki Sportcsarnok és Sportközpont Kft.,0,1,1,,,,,,,
Hazajáró Egylet,0,1,1,,,,,,,
Herius Capital Alapkezelő,0,1,1,,,,,,,
Határtalan Hangok Közhasznú Alapítvány,0,1,1,,,,,,,
Hardworking Kft.,0,1,1,,,,,,,
Har and Mar Kft.,0,1,1,,,,,,,
Hanna Bahor Zárcentrum Kft.,0,1,1,,,,,,,
Hamburg C. Kft,0,1,1,,,,,,,
Halászati Kutatóintézet (HAKI),0,1,1,,,,,,,
Haluza és Társa Kft,0,1,1,,,,,,,
Harkányi Gyógy- és Strandfürdő,0,1,1,,,,,,,
Hermann Ottó Intézet,0,1,1,,,,,,,
Hermina Lomza Property Kft.,0,1,1,,,,,,,
Heves Megyei Napló (újság),0,1,1,,,,,,,
Hotel Bazilika Ingatlanforgalmazási Kft.,0,1,1,,,,,,,
Hotel & More Szállodák Zrt.,0,1,1,,,,,,,
Horizont Development Kft.,0,1,1,,,,,,,
Hori-Zone Kft.,0,1,1,,,,,,,
Hori-Zone Információs és Biztonsági Iroda Kft.,0,1,1,,,,,,,
Honvéd Önkéntes és Magánnyugdíjpénztár,0,1,1,,,,,,,
Honvéd Property Kft,0,1,1,,,,,,,
Holding Company for Pannonia S. A.,0,1,1,,,,,,,
Hitel- és Biztosításközvetítő Zrt.,0,1,1,,,,,,,
Hitel Könyvkiadó Kft.,0,1,1,,,,,,,
Hitel Könyvkiadó,0,1,1,,,,,,,
Hirtenberger Defence Systems (HDS),0,1,1,,,,,,,
Himes Pick Kft.,0,1,1,,,,,,,
Himes Agrár Kft.,0,1,1,,,,,,,
Heves Megyei Önk Fogyatékosok Otthona és Rehabilitációs Intézete,0,1,1,,,,,,,
Halms Hungary Kft.,0,1,1,,,,,,,
Halmi-Gazdász Kft.,0,1,1,,,,,,,
Halm-Bau Kft.,0,1,1,,,,,,,
Halasi Média és Kultúra Nonprofit Szolgáltató Kft.,0,1,1,,,,,,,
Göndöcs Benedek katolikus középiskola,0,1,1,,,,,,,
Gész-2000 Kft.,0,1,1,,,,,,,
Gávavencsellő Önkormányzata,0,1,1,,,,,,,
Gát Corv-Invest Kft.,0,1,1,,,,,,,
Gánt Község Önkormányzata,0,1,1,,,,,,,
GÁZ PIAC Tanácsadó Tervező és Szolgáltató Kft.,0,1,1,,,,,,,
Gyümölcs- és Dísznövénytermesztési Kutatóintézet,0,1,1,,,,,,,
Gyöngyöspata Község Önkormányzata,0,1,1,,,,,,,
Gyöngy Trafik Bt.,0,1,1,,,,,,,
Gyógyír XI. Kht.,0,1,1,,,,,,,
Gyula-Truck Kft.,0,1,1,,,,,,,
Gyermekeink Művelődéséért Kulturált Jövőnkért Alapítvány,0,1,1,,,,,,,
Gyergyói Hírlap,0,1,1,,,,,,,
Gundel Kft.,0,1,1,,,,,,,
Gránit Holding Kft.,0,1,1,,,,,,,
Gün Solar Kft.,0,1,1,,,,,,,
Greenhall Zártkörű Ingatlan Befektetési Alap,0,1,1,,,,,,,
H20 Energy SRL,0,1,1,,,,,,,
HBH Stratégia és Fejlesztés Kft.,0,1,1,,,,,,,
Hadfi János Ferenc,0,1,1,,,,,,,
HUNMédia Marketing és Kommunikációs Tanácsadó Kft.,0,1,1,,,,,,,
HT Division Zrt. Nurol Makina,0,1,1,,,,,,,
HSWE Investments,0,1,1,,,,,,,
HR Direkt Kft.,0,1,1,,,,,,,
HP Team Ipari és Energetikai Szolgáltató Kft.,0,1,1,,,,,,,
HORWAT Investment Kft.,0,1,1,,,,,,,
HORNYÁK-INVEST Kereskedelmi Kft.,0,1,1,,,,,,,
HG Listák Kft.,0,1,1,,,,,,,
HG Energy Zrt.,0,1,1,,,,,,,
HEBBO Ingatlanüzemeltető Kft.,0,1,1,,,,,,,
HDT Védelmi Ipari Kft.,0,1,1,,,,,,,
HDI Versicherung AG,0,1,1,,,,,,,
HDI International,0,1,1,,,,,,,
HD TV Kft.,0,1,1,,,,,,,
HB Wesminster II. Rt.,0,1,1,,,,,,,
Európai Uniós Források Felhasználásáért Felelős Államtitkárság,0,1,1,,,,,,,
“Tegyük rendbe!” Városrészfejlesztő és Közösségteremtő Egyesület,0,1,1,,,,,,,
Easy Invest Kft.,0,1,1,,,,,,,
Euro-profil Kft.,0,1,1,,,,,,,
Euro­pean Settlement Immigration Service Ltd.,0,1,1,,,,,,,
Epikerdis Kft.,0,1,1,,,,,,,
East-InnoWork Kft.,0,1,1,,,,,,,
East-West European Venture Capital Fund,0,1,1,,,,,,,
Eurotrentor Zrt.,0,1,1,,,,,,,
Európa – Kína Vegyianyag Kereskedelem és Duális HUB Rendszer,0,1,1,,,,,,,
Egészségügyi Központ (Kulcs),0,1,1,,,,,,,
Europe Direct-hálózat Nógrád megyei irodája,0,1,1,,,,,,,
Epicure Holding Kft.,0,1,1,,,,,,,
Ebony Afrikai Kulturális,0,1,1,,,,,,,
Ecséd község Önkormányzata,0,1,1,,,,,,,
Edutrade-Impex Kft.,0,1,1,,,,,,,
Equus Produkció Nonprofit Közhasznú Kft.,0,1,1,,,,,,,
Edutus Egyetem,0,1,1,,,,,,,
Eger SC,0,1,1,,,,,,,
Egerfeszt Kft.,0,1,1,,,,,,,
Euronics,0,1,1,,,,,,,
Eurogreen-Tisza Kft.,0,1,1,,,,,,,
Endo-plus Kft.,0,1,1,,,,,,,
Egis (Franciaország),0,1,1,,,,,,,
Endo Plus Kft.,0,1,1,,,,,,,
Emuna Holding,0,1,1,,,,,,,
EuroPro Kft.,0,1,1,,,,,,,
Egy digitális jövőért Nonprofit Kft.,0,1,1,,,,,,,
Első Magánegészségügyi Hálózat Zrt.,0,1,1,,,,,,,
Egy jobb életért Egyesület,0,1,1,,,,,,,
Eleki Pszichiátriai Betegek Otthona,0,1,1,,,,,,,
Efftronics ltd.,0,1,1,,,,,,,
Erasmus program,0,1,1,,,,,,,
Eurobinding Kft,0,1,1,,,,,,,
East Silodep Srl.,0,1,1,,,,,,,
Európa Pék Kft.,0,1,1,,,,,,,
Estoril Property Kft.,0,1,1,,,,,,,
Ethernet Invedt Kft.,0,1,1,,,,,,,
EWC-H Környezetvédelmi Kereskedelmi és Szolgáltató Kft,0,1,1,,,,,,,
Európa Rendezvény Iroda Kft.,0,1,1,,,,,,,
Európa Szolgáltató Közhasznú Non-profit Kht.,0,1,1,,,,,,,
Erzsébet Ifjúsági Alap,0,1,1,,,,,,,
Erdélyi Godako Ökölvívó Sportklub,0,1,1,,,,,,,
Euro-Immat Kft.,0,1,1,,,,,,,
Esztergom Barátai Egyesület,0,1,1,,,,,,,
Eural TG,0,1,1,,,,,,,
Est  Média Group,0,1,1,,,,,,,
HM EI Zrt.,72,66,-6,"Minisztérium Elektronikai, Logisztikai és Vagyonkezelő Zrt. (HMEI Zrt.)","Minisztérium Elektronikai, Logisztikai és Vagyonkezelő Zrt.",HMEI Zrt.,,,,
Miniszterelnöki Kormányiroda,38,23,-15,,,,,,,
Főtaxi,32,17,-15,,,,,,,
Országos Katasztrófavédelmi Főigazgatóság,31,16,-15,,,,,,,
Óbudai Egyetem,26,11,-15,,,,,,,
Mi Hazánk,25,10,-15,,,,,,,
Sberbank,25,10,-15,,,,,,,
Migrációkutató Intézet,24,9,-15,,,,,,,
Országos Széchényi Könyvtár,24,9,-15,,,,,,,
Forster Gyula Nemzeti Örökségvédelmi és Vagyongazdálkodási Központ,23,8,-15,,,,,,,
Szellemi Tulajdon Nemzeti Hivatala,22,7,-15,,,,,,,
Citibank,20,5,-15,,,,,,,
Közszolgálati Közalapítvány,19,4,-15,,,,,,,
Kishantosi Vidékfejlesztési Központ,18,3,-15,,,,,,,
Pannon-Doprastav Kft.,18,3,-15,,,,,,,
Országos Takarékszövetkezeti Szövetség,17,2,-15,,,,,,,
Európai Mezőgazdasági Vidékfejlesztési Alap,16,1,-15,,,,,,,
Peron Reklám Kft.,16,1,-15,,,,,,,
Tolna Megyei Rendőr-főkapitányság,16,1,-15,,,,,,,
Építési és Közlekedési Minisztérium,59,43,-16,,,,,,,
Magyar Kézilabda Szövetség,32,16,-16,,,,,,,
Petőfi Irodalmi Múzeum,28,12,-16,,,,,,,
Színház- és Filmművészeti Egyetem,25,9,-16,,,,,,,
Alapvető Jogok Biztosának Hivatala,23,7,-16,,,,,,,
Országos Vérellátó Szolgálat,21,5,-16,,,,,,,
MHB,20,4,-16,,,,,,,
Magyar Vöröskereszt,19,3,-16,,,,,,,
Sanoma,19,3,-16,,,,,,,
Közigazgatási és Igazságügyi Hivatal,18,2,-16,,,,,,,
Műcsarnok,18,2,-16,,,,,,,
Volksbank,18,2,-16,,,,,,,
Amnesty International Magyarország,17,1,-16,,,,,,,
Hungária Televízió Közalapítvány,17,1,-16,,,,,,,
Status Capital Kockázati Tőkealap-kezelő Zrt.,17,1,-16,,,,,,,
Technológiai és Ipari Minisztérium,39,22,-17,,,,,,,
Terror Háza Múzeum,36,19,-17,,,,,,,
Parking Kft.,34,17,-17,,,,,,,
Sedesa,30,13,-17,,,,,,,
Szociális és Munkaügyi Minisztérium,30,13,-17,,,,,,,
Magyar Nemzeti Galéria,22,5,-17,,,,,,,
Magyar Máltai Szeretetszolgálat,21,4,-17,,,,,,,
Nemzeti Táncszínház,21,4,-17,,,,,,,
Kecskeméti Főiskola,19,2,-17,,,,,,,
MAG Zrt.,19,2,-17,,,,,,,
Nemzeti Hírközlési és Informatikai Tanács,19,2,-17,,,,,,,
SDD Konzorcium,19,2,-17,,,,,,,
Colas Zrt.,18,1,-17,,,,,,,
Jász-Nagykun-Szolnok Megyei Rendőr-főkapitányság,18,1,-17,,,,,,,
Magyar Írószövetség,18,1,-17,,,,,,,
Épkar Zrt.,93,75,-18,,,,,,,
Club Aliga,65,47,-18,,,,,,,
Meinl Bank,34,16,-18,,,,,,,
Nemzeti Agrárkamara,30,12,-18,,,,,,,
Sárvári Mezőgazdasági Zrt.,29,11,-18,,,,,,,
Kormányzati Informatikai Fejlesztési Ügynökség,28,10,-18,,,,,,,
Perfekt Rt.,28,10,-18,,,,,,,
Fejér Megyei Kormányhivatal,26,8,-18,,,,,,,
EB Hungary Invest Kft.,25,7,-18,,,,,,,
MAGOSZ,24,6,-18,,,,,,,
Fehérvár FC,21,3,-18,,,,,,,
Nyíregyházi Járási Ügyészség,20,2,-18,,,,,,,
Pesti TV,20,2,-18,,,,,,,
Magyar Önkormányzatok Szövetsége,19,1,-18,,,,,,,
Twitter,19,1,-18,,,,,,,
Egészségügyi Minisztérium,54,35,-19,,,,,,,
Széchenyi István Egyetem,27,8,-19,,,,,,,
Békés Megyei Kormányhivatal,25,6,-19,,,,,,,
Szabolcs-Szatmár-Bereg Megyei Kormányhivatal,24,5,-19,,,,,,,
Slovnaft,23,4,-19,,,,,,,
Philip Morris,21,2,-19,,,,,,,
Veszprémi Törvényszék,21,2,-19,,,,,,,
Demokratikus Jogok Fejlesztéséért Alapítvány,20,1,-19,,,,,,,
Heves Megyei Főügyészség,20,1,-19,,,,,,,
Somogy Megyei Rendőr-főkapitányság,20,1,-19,,,,,,,
Bibó István Szakkollégium,26,6,-20,,,,,,,
HSBC,25,5,-20,,,,,,,
BorsodChem,23,3,-20,,,,,,,
Merkantil Bank,22,2,-20,,,,,,,
Budapesti Ingatlan Hasznosítási és Fejlesztési Nyrt.,21,1,-20,,,,,,,
Miskolci Törvényszék,21,1,-20,,,,,,,
Gránit Bank,94,73,-21,,,,,,,
Appeninn Nyrt.,51,30,-21,,,,,,,
Nemzeti Népegészségügyi Központ,43,22,-21,,,,,,,
Raiffeisen Bank,38,17,-21,,,,,,,
Liszt Ferenc Zeneművészeti Egyetem,26,5,-21,,,,,,,
Nemzetbiztonsági Bizottság,26,5,-21,,,,,,,
Visonta Projekt Kft.,24,3,-21,,,,,,,
British Aerospace,23,2,-21,,,,,,,
British American Tobacco,23,2,-21,,,,,,,
EIB,22,1,-21,,,,,,,
ICSID,22,1,-21,,,,,,,
Magyar Takarékszövetkezeti Bank Zrt.,22,1,-21,,,,,,,
Országos Sajtószolgálat,22,1,-21,,,,,,,
Budapest Főváros XI. Kerület Önkormányzata (Újbuda),176,154,-22,,,,,,,önkormányzat bp
Magyar Építő Zrt.,143,121,-22,,,,,,,
Fibisz,34,12,-22,,,,,,,
Bombardier,32,10,-22,,,,,,,
Vienna Capital Partners,31,9,-22,,,,,,,
Országos Foglalkoztatási Közalapítvány,27,5,-22,,,,,,,
Budapesti Műszaki Egyetem,41,18,-23,,,,,,,
RWE,41,18,-23,,,,,,,
Autonómia Alapítvány,37,14,-23,,,,,,,
Magyar Bankszövetség,30,7,-23,,,,,,,
CD Hungary,29,6,-23,,,,,,,
Aldi,28,5,-23,,,,,,,
Belváros-Lipótváros Vagyonkezelő Zrt.,28,5,-23,,,,,,,
Magyar Kereskedelmi Engedélyezési Hivatal,27,4,-23,,,,,,,
Búzakalász 66 Felcsút Kft.,24,1,-23,,,,,,,
HNP,24,1,-23,,,,,,,
Kormányzati Információs Központ,24,1,-23,,,,,,,
Testnevelési Egyetem,91,67,-24,,,,,,,
Mazsihisz,34,10,-24,,,,,,,
Dolomit Kőbányászati Kft.,28,4,-24,,,,,,,
HM Currus Zrt.,26,2,-24,,,,,,,
Krétakör,25,1,-24,,,,,,,
Alstom,188,163,-25,,,,,,,
Nemzeti Autópálya Rt.,55,30,-25,,,,,,,
Budapest Főváros Kormányhivatala,46,21,-25,,,,,,,
Bevándorlási és Állampolgársági Hivatal,56,30,-26,,,,,,,
Nemzeti Befektetési Ügynökség,40,14,-26,,,,,,,
Hit Gyülekezete,35,9,-26,,,,,,,
Agrárinnovációs Kht.,31,5,-26,,,,,,,
Környezetvédelmi és Vízügyi Minisztérium,30,4,-26,,,,,,,
Vértesi Erőmű Zrt.,29,3,-26,,,,,,,
Agrárminisztérium,77,50,-27,,,,,,,
Ferencvárosi Torna Club,44,17,-27,,,,,,,
Apple,34,7,-27,,,,,,,
RM International Zrt.,32,5,-27,,,,,,,
Magyar Kórházszövetség,29,2,-27,,,,,,,
Spar,35,7,-28,,,,,,,
Mészáros Csoport,34,6,-28,,,,,,,
Metis Magántőkealap,32,4,-28,,,,,,,
Békés Megyei Rendőr-főkapitányság,31,3,-28,,,,,,,
IBM,31,3,-28,,,,,,,
Fővárosi Kormányhivatal,30,2,-28,,,,,,,
Közbeszerzési Tanács,30,2,-28,,,,,,,
Együtt 2014,32,3,-29,,,,,,,
UBS,32,3,-29,,,,,,,
Fővárosi Nyomozó Ügyészség,31,2,-29,,,,,,,
Széchenyi Bank,70,40,-30,,,,,,,
Axel Springer,39,9,-30,,,,,,,
Danubius Rádió,33,3,-30,,,,,,,
Hajdú-Bihar Megyei Rendőr-főkapitányság,31,1,-30,,,,,,,
Központi Szolgáltatási Főigazgatóság,77,46,-31,,,,,,,
Pázmány Péter Katolikus Egyetem,54,23,-31,,,,,,,
Állami Vagyonügynökség,44,13,-31,,,,,,,
Magyar Nemzeti Múzeum,36,5,-31,,,,,,,
Csongrád Megyei Rendőr-főkapitányság,35,4,-31,,,,,,,
Győri Törvényszék,34,3,-31,,,,,,,
Paks II. Zrt.,33,2,-31,,,,,,,
Erste Bank,56,24,-32,,,,,,,
Néprajzi Múzeum,37,5,-32,,,,,,,
Országos Vízügyi Főigazgatóság,48,15,-33,,,,,,,
Szent István Egyetem,45,12,-33,,,,,,,
Miskolci Egyetem,44,11,-33,,,,,,,
ÖBB,35,2,-33,,,,,,,
Matáv,37,3,-34,,,,,,,
Deutsche Telekom,62,27,-35,,,,,,,
Swietelsky Vasúttechnika Kft.,69,33,-36,,,,,,,
Csongrád Megyei Bíróság,47,11,-36,,,,,,,
Bevándorlási és Menekültügyi Hivatal,44,8,-36,,,,,,,
Balatontourist,43,7,-36,,,,,,,
ZTE,37,1,-36,,,,,,,
Dömper Kft.,55,18,-37,,,,,,,
NOB,98,60,-38,,,,,,,
Klebelsberg Központ,62,24,-38,,,,,,,
BMW,42,4,-38,,,,,,,
Magyar Művészeti Akadémia,75,35,-40,,,,,,,
CBA,114,73,-41,,,,,,,
Nemzeti Agrárgazdasági Kamara,62,21,-41,,,,,,,
Lidl,46,5,-41,,,,,,,
Heves Megyei Rendőr-főkapitányság,44,3,-41,,,,,,,
Köztársasági Őrezred,55,13,-42,,,,,,,
Önkormányzati és Területfejlesztési Minisztérium,45,3,-42,,,,,,,
Védegylet,44,2,-42,,,,,,,
Telenor,49,6,-43,,,,,,,
Oktatási Hivatal,56,12,-44,,,,,,,
Budapesti Ügyvédi Kamara,52,8,-44,,,,,,,
Beva,50,6,-44,,,,,,,
Magyar Turizmus Zrt.,78,33,-45,,,,,,,
Swietelsky Magyarország Kft.,70,25,-45,,,,,,,
Költségvetési Tanács,51,6,-45,,,,,,,
Szabolcs-Szatmár-Bereg Megyei Bíróság,46,1,-45,,,,,,,
Alapjogokért Központ,76,30,-46,,,,,,,
Baranya Megyei Rendőr-főkapitányság,49,3,-46,,,,,,,
Nyíregyházi Törvényszék,48,2,-46,,,,,,,
CIB Bank,60,13,-47,,,,,,,
Külgazdasági és Külügyminisztérium,357,309,-48,KKM,,,,,,
Postabank,240,192,-48,,,,,,,
Magyar Energetikai és Közmű-szabályozási Hivatal,64,16,-48,,,,,,,
Magyar Kereskedelmi és Iparkamara,61,12,-49,,,,,,,
Lungo Drom,91,41,-50,,,,,,,
Magyar Orvosi Kamara,66,16,-50,,,,,,,
Európai Ügyészség,51,1,-50,,,,,,,
Debreceni Egyetem,92,39,-53,,,,,,,
Nemzeti Vagyongazdálkodási Tanács,74,21,-53,,,,,,,
Országos Bírói Tanács,68,15,-53,,,,,,,
Magyar Honvédség,153,99,-54,,,,,,,
ÁNTSZ,65,11,-54,,,,,,,
Budapesti Regionális Nyomozó Ügyészség,57,3,-54,,,,,,,
BAE Systems,65,10,-55,,,,,,,
Szabolcs-Szatmár-Bereg Megyei Főügyészség,56,1,-55,,,,,,,
Fővárosi Fellebbviteli Főügyészség,58,2,-56,,,,,,,
Budapesti Corvinus Egyetem,119,61,-58,,,,,,,
Nemzeti Színház,62,4,-58,,,,,,,
Integritás Hatóság,71,11,-60,,,,,,,
Freedom House,61,1,-60,,,,,,,
M1,65,4,-61,,,,,,,
EBRD,64,2,-62,,,,,,,
Kulturális Örökségvédelmi Hivatal,82,19,-63,,,,,,,
Bács-Kiskun Megyei Rendőr-főkapitányság,64,1,-63,,,,,,,
OMV,78,14,-64,,,,,,,
Pest Megyei Kormányhivatal,86,21,-65,,,,,,,
Szépművészeti Múzeum,84,17,-67,,,,,,,
Deloitte,71,4,-67,,,,,,,
Szegedi Városi Bíróság,70,2,-68,,,,,,,
Igazságügyi és Rendészeti Minisztérium,69,1,-68,,,,,,,
Kormányzati Tájékoztatási Központ,73,3,-70,,,,,,,
Pesti Srácok,72,2,-70,,,,,,,
Strabag,297,225,-72,,,,,,,
Nemzetbiztonsági Szakszolgálat,103,31,-72,,,,,,,
Munkáspárt,79,5,-74,,,,,,,
MIÉP,97,22,-75,,,,,,,
Roszatom,135,59,-76,,,,,,,
MSZMP,80,4,-76,,,,,,,
Mészáros és Mészáros Kft.,372,295,-77,,,,,,,
Greenpeace,81,3,-78,,,,,,,
Mezőgazdasági és Vidékfejlesztési Hivatal,128,49,-79,,,,,,,
Lánchíd Rádió,123,44,-79,,,,,,,
Budapest Környéki Törvényszék,81,2,-79,,,,,,,
Szegedi Törvényszék,84,4,-80,,,,,,,
Kaposvári Törvényszék,82,1,-81,,,,,,,
Microsoft,100,15,-85,,,,,,,
Pest Megyei Rendőr-főkapitányság,100,5,-95,,,,,,,
Gazprom,118,20,-98,,,,,,,
Államadósság Kezelő Központ,101,3,-98,,,,,,,
Médiatanács,144,42,-102,,,,,,,
Készenléti Rendőrség,118,12,-106,,,,,,,
Emberi Jogok Európai Bírósága,108,2,-106,,,,,,,
Világbank,107,1,-106,,,,,,,
Klubrádió,122,10,-112,,,,,,,
MÁV,462,349,-113,,,,,,,
Közbeszerzések Tanácsa,121,8,-113,,,,,,,
UEFA,121,4,-117,,,,,,,
BDPST Zrt.,124,4,-120,,,,,,,
Political Capital,140,19,-121,,,,,,,
Debreceni Törvényszék,124,3,-121,,,,,,,
Fidelitas,199,66,-133,,,,,,,
Országgyűlés Hivatala,175,41,-134,,,,,,,
Országos Bírósági Hivatal,209,69,-140,,,,,,,
Budapesti Katonai Ügyészség,145,4,-141,,,,,,,
MÁV Zrt.,163,9,-154,,,,,,,
Elios Zrt.,175,18,-157,,,,,,,
Igazságügyi Minisztérium,284,126,-158,,,,,,,
Budapest Főváros Önkormányzata - Főpolgármesteri Hivatal,165,6,-159,,,,,,,önkormányzat bp
Hír Televízió,181,15,-166,,,,,,,
Szegedi Ítélőtábla,175,3,-172,,,,,,,
Vidékfejlesztési Minisztérium,258,79,-179,,,,,,,
Google,195,8,-187,,,,,,,
Szerencsejáték Zrt.,369,180,-189,,,,,,,
ENSZ,193,4,-189,,,,,,,
Ökotárs Alapítvány,193,1,-192,,,,,,,
Külügyminisztérium,352,157,-195,,,,,,,
Mediaworks,202,7,-195,,,,,,,"hibás címke, javítva"
Együtt-PM,217,18,-199,,,,,,,
Budai Központi Kerületi Bíróság,202,2,-200,,,,,,,
Facebook,207,5,-202,,,,,,,
MKB,214,1,-213,,,,,,,
Momentum,240,21,-219,,,,,,,
Országos Roma Önkormányzat,225,2,-223,,,,,,,
Magyar Turisztikai Ügynökség (MTÜ),509,252,-257,Magyar Turisztikai Ügynökség,Turisztikai Ügynökség,MTÜ,,,,zárójel
Közbeszerzési Hatóság,316,24,-292,,,,,,,
Európai Parlament,335,37,-298,,,,,,,
BKV (Budapesti Közlekedési Vállalat) Zrt.,1506,1196,-310,BKV,BKV Zrt.,Budapesti Közlekedési Vállalat,Budapesti Közlekedési Vállalat Zrt.,,,zárójel
MNV Zrt.,314,2,-312,,,,,,,"hibás címke, javítva"
Miniszterelnöki Kabinetiroda,566,248,-318,,,,,,,
Nemzeti Védelmi Szolgálat,354,31,-323,,,,,,,
APEH,456,88,-368,,,,,,,
Legfelsőbb Bíróság,421,3,-418,,,,,,,
Pénzügyminisztérium,627,208,-419,,,,,,,
TV2,449,4,-445,,,,,,,
KDNP,609,160,-449,,,,,,,
RTL Klub,507,43,-464,,,,,,,
SZDSZ,1055,574,-481,,,,,,,
MDF,642,158,-484,,,,,,,
Közbeszerzési Döntőbizottság,544,42,-502,,,,,,,
Transparency International Magyarország,519,2,-517,,,,,,,
Fővárosi Közgyűlés,543,3,-540,,,,,,,
Magyar Fejlesztési Bank,567,3,-564,,,,,,,
Demokratikus Koalíció,603,1,-602,,,,,,,
Belügyminisztérium,696,1,-695,,,,,,,
Kúria,794,43,-751,,,,,,,
Fővárosi Ítélőtábla,786,10,-776,,,,,,,
Alkotmánybíróság,888,47,-841,,,,,,,
Legfőbb Ügyészség,933,60,-873,,,,,,,
Jobbik,1413,233,-1180,,,,,,,
Fővárosi Főügyészség,1242,32,-1210,,,,,,,
Fővárosi Törvényszék,1291,27,-1264,,,,,,,
Nemzeti Adó- és Vámhivatal (NAV),1932,643,-1289,NAV,Nemzeti Adó- és Vámhivatal,,,,,zárójel
Európai Bizottság,1371,45,-1326,,,,,,,
Magyar Nemzeti Bank (MNB),2141,598,-1543,Nemzeti Bank,Magyar Nemzeti Bank,MNB,,,,zárójel
LMP,1734,76,-1658,,,,,,,
Miniszterelnökség,2266,591,-1675,,,,,,,
Központi Nyomozó Főügyészség,1908,47,-1861,,,,,,,
Magyar Nemzet,1941,59,-1882,,,,,,,
MSZP,4309,2304,-2005,,,,,,,
Fidesz,7384,3051,-4333,,,,,,,
Budapest Főváros XXI. kerület Önkormányzata (Csepel),*,,,,,,,,,önkormányzat bp
MOL Magyar Olaj- és Gázipari Nyrt.,*,,,MOL Nyrt.,Magyar Olaj- és Gázipari Nyrt.,,,,,zárójel